horizon_days,target,method,RMSE,MAE,R2,NSE,KGE,RMSE_ci_low,RMSE_ci_high,R2_ci_low,R2_ci_high,block_len_days,bootstrap_draws
1,snowc,CryoSENSE-HK (Random Forest),4.439030601986828,0.7338052190025853,0.9917444166982415,0.9917444166982415,0.9946096560088061,3.578890441435184,5.140601328955086,0.9888732037585016,0.9946365174013319,2,2000
1,snowc,Persistence (issue-day t),5.308060151058535,0.8926525784481633,0.9881956206618884,0.9881956206618884,0.9940978103309446,4.314077459355204,6.253929315063346,0.983550462944719,0.9922118146551306,2,2000
1,snowc,Training target-DOY climatology,18.158031047967448,7.460911345652855,0.8618633261161475,0.8618633261161475,0.8711860352966729,16.918964862133578,19.45870838588785,0.8406633199840372,0.8802626826187073,2,2000
1,snowc,Lagged linear regression,4.976384040977973,1.1366432029130005,0.9896247334424768,0.9896247334424768,0.9930416098974805,3.994411662638559,5.843798463282285,0.9856344135923517,0.9933372047292897,2,2000
1,snowc,Seasonal AR with annual harmonics,4.891336726854283,1.344355238715165,0.9899763335022317,0.9899763335022317,0.9922826838707297,3.98569576111691,5.716939217353255,0.98634852606088,0.9933164202468358,2,2000
1,snowc,Exponential smoothing,5.404716120336694,0.9277740938259278,0.9877618080224074,0.9877618080224074,0.9938714336625052,4.418796079285581,6.328395633762888,0.9831960540844005,0.9918183763859045,2,2000
1,snowc,"SARIMAX(3, 0, 1) with Fourier seasonality",4.891031017757253,1.3379431242109538,0.9899775864236495,0.9899775864236495,0.9929785295836131,3.982257147830677,5.806444258942835,0.985866466925943,0.9933763667743523,2,2000
1,sd,CryoSENSE-HK (Random Forest),0.0050027752913750865,0.0023746511793852633,0.9993988608278713,0.9993988608278713,0.9970792212340034,0.0046399819751044595,0.005340873323112857,0.9993100790505891,0.9994838796992482,2,2000
1,sd,Persistence (issue-day t),0.007690324479777995,0.0032774420758787857,0.9985794963125099,0.9985794963125099,0.9992730319135313,0.00721513363607967,0.008174402597685352,0.9983759603543101,0.9987647929761984,2,2000
1,sd,Training target-DOY climatology,0.12009409579275354,0.06595136754741661,0.6535852706023058,0.6535852706023058,0.6941536185948982,0.11326731010847671,0.12687385046283942,0.6094203824838967,0.6924341486749366,2,2000
1,sd,Lagged linear regression,0.0046960970090713676,0.0022408070843380145,0.9994703034358459,0.9994703034358459,0.9993968930000565,0.004353863589787864,0.005037407766525853,0.9993869433836142,0.9995503739454623,2,2000
1,sd,Seasonal AR with annual harmonics,0.004656231591096605,0.002252447318597038,0.9994792585085472,0.9994792585085472,0.9987096244611628,0.004326031657381033,0.004980918727783954,0.9993945404313509,0.9995538272709005,2,2000
1,sd,Exponential smoothing,0.008002295567122144,0.0034389059110246775,0.9984619083560946,0.9984619083560946,0.9992122518153456,0.0075051536278060585,0.008478857417204983,0.9982280376805114,0.9986589438829665,2,2000
1,sd,"SARIMAX(3, 0, 1) with Fourier seasonality",0.004757328243067472,0.0024560315877437343,0.9994564002207115,0.9994564002207115,0.9990209098169964,0.004431785140081405,0.0050891901788806424,0.9993673844054771,0.9995360466881521,2,2000
1,smlt_mm,CryoSENSE-HK (Extra Trees),1.1050713828579852,0.3695051404251263,0.952325846981566,0.952325846981566,0.9459621857188473,1.0093751582625616,1.2001437761461318,0.9429283510700252,0.9599109697441429,2,2000
1,smlt_mm,Persistence (issue-day t),1.4023706328892414,0.4468263210237682,0.9232235657262271,0.9232235657262271,0.9616117828631132,1.2804208230388565,1.5229552626149252,0.9082599344226376,0.9361922164189467,2,2000
1,smlt_mm,Training target-DOY climatology,3.8760381128147854,1.576429213316374,0.41348597896163497,0.41348597896163497,0.610036851327026,3.6117949596352257,4.142701737333924,0.3182974623342358,0.49335486266916617,2,2000
1,smlt_mm,Lagged linear regression,1.3867372791620212,0.5125259283646049,0.924925801813682,0.924925801813682,0.9481015515780319,1.2690420876805428,1.499280787069057,0.9115413355421906,0.9363847893302335,2,2000
1,smlt_mm,Seasonal AR with annual harmonics,1.3753214994994416,0.5531442607133448,0.9261567529551362,0.9261567529551362,0.9486960834254429,1.2614453071658065,1.4893742236284295,0.9125274567288894,0.9373099102995559,2,2000
1,smlt_mm,Exponential smoothing,1.4020069917123603,0.4495071035700979,0.9232633775313078,0.9232633775313078,0.9615117843895808,1.2726307748640922,1.526239757110231,0.9079689787382001,0.9359581449461213,2,2000
1,smlt_mm,"SARIMAX(3, 0, 1) with Fourier seasonality",1.3747013833116126,0.5576430603765379,0.9262233280351775,0.9262233280351775,0.9438203496982632,1.2584718046518926,1.488788993752707,0.9127342025935459,0.9375822345858121,2,2000
1,smlt_mm,"Degree-day, climatological target-date T",4.073546916045029,1.7377481437063138,0.35218982330132576,0.35218982330132576,0.37302026060249505,3.8009130817777144,4.319936082449378,0.2987552920601739,0.3960590111651482,2,2000
1,smlt_mm,"Degree-day, observed target-date T (oracle)",3.92112624424633,1.8146147536067099,0.3997613299322048,0.3997613299322048,0.4946182196319614,3.7043749577175995,4.135903700652914,0.3324466963937692,0.4546699626822059,2,2000
7,snowc,CryoSENSE-HK (Extra Trees),10.287511429116961,3.296991865327881,0.9556603615640074,0.9556603615640074,0.9597651084095877,8.692721615369992,11.842280003871005,0.9408381278429299,0.9686444591663437,7,2000
7,snowc,Persistence (issue-day t),17.049553799560755,4.469070244303793,0.8782139566124677,0.8782139566124677,0.9391069783062339,14.35536485593119,19.630090369559518,0.8377474582472838,0.9139920883819851,7,2000
7,snowc,Training target-DOY climatology,18.158030254728526,7.460934299328838,0.8618633381852295,0.8618633381852295,0.8711861258682168,15.779196062577515,20.464174246536608,0.8241486006108282,0.895578981431303,7,2000
7,snowc,Lagged linear regression,16.689600693910883,7.436795040453583,0.8833020093704651,0.8833020093704651,0.9081592711936309,14.324051282898038,19.138311438902694,0.8460812034719545,0.9140177768830935,7,2000
7,snowc,Seasonal AR with annual harmonics,14.83940704869176,8.001108248044497,0.9077418840193308,0.9077418840193308,0.9203055683213373,13.036507311118076,16.68355424061309,0.8824801888528593,0.9286873277793488,7,2000
7,snowc,Exponential smoothing,17.075501779711942,4.487893012642721,0.8778429783947771,0.8778429783947771,0.9389020738951661,14.283546705033292,19.624343686839506,0.8376001870543343,0.9146915170797366,7,2000
7,snowc,"SARIMAX(3, 0, 1) with Fourier seasonality",15.048899118548865,8.061631342616403,0.9051186298180257,0.9051186298180257,0.925980446208389,13.152448755320618,16.980386572602512,0.8784688885325184,0.9274741723940124,7,2000
7,sd,CryoSENSE-HK (Extra Trees),0.023790116515968057,0.013265856998217708,0.9864060341486355,0.9864060341486355,0.9780188671329108,0.021475093595309417,0.025820536802815593,0.9834464604151192,0.9889914321449397,10,2000
7,sd,Persistence (issue-day t),0.04346077768133106,0.02160637453174842,0.9546321683194282,0.9546321683194282,0.9773078219763212,0.03816632446125427,0.048400562297591786,0.9408952817459929,0.9657253163996193,10,2000
7,sd,Training target-DOY climatology,0.12008767406205957,0.06594501278766234,0.6536223169301699,0.6536223169301699,0.6943000245654739,0.10530365619724888,0.13489611030236104,0.5500704842529013,0.7376697780811367,10,2000
7,sd,Lagged linear regression,0.028807171439615736,0.018761667698551008,0.9800678443022788,0.9800678443022788,0.9856005181788199,0.026432140101672868,0.03104669062610257,0.9760724277738327,0.9836005813983217,10,2000
7,sd,Seasonal AR with annual harmonics,0.027242869482605615,0.017099090642356155,0.9821738015918587,0.9821738015918587,0.9810257114643384,0.025077308615452234,0.029377492680261155,0.9786878460202221,0.9852891706487495,10,2000
7,sd,Exponential smoothing,0.043727667976702085,0.02175622645217261,0.9540732546205939,0.9540732546205939,0.9770274706471906,0.03850197446984087,0.048861867693850064,0.9392942380062882,0.965702009948121,10,2000
7,sd,"SARIMAX(3, 0, 1) with Fourier seasonality",0.0300759677994641,0.021038507210228555,0.9782733754848513,0.9782733754848513,0.9850625199200129,0.027812616668549024,0.03236280166484983,0.9733983987323036,0.9821096713498905,10,2000
7,smlt_mm,CryoSENSE-HK (XGBoost),2.0304901800662267,0.7514983011468281,0.8390451350240767,0.8390451350240767,0.7866666047332568,1.8057414132917928,2.261894432645772,0.7991732049535406,0.8689566547512751,5,2000
7,smlt_mm,Persistence (issue-day t),3.5524783483752302,1.1804378504978266,0.5073196962949029,0.5073196962949029,0.7536598481474514,3.080437716982726,3.993088473702915,0.3325758136238203,0.6370674234065722,5,2000
7,smlt_mm,Training target-DOY climatology,3.876038059339964,1.5764306591969912,0.4134859951450325,0.4134859951450325,0.6100363506942341,3.457625231958547,4.272331457357267,0.2602933716542066,0.5273768691832781,5,2000
7,smlt_mm,Lagged linear regression,3.3074307715540083,1.588065512588614,0.5729449651487799,0.5729449651487799,0.6608821450911064,2.923574351705879,3.6832752061108764,0.46418064571117446,0.6591722833790955,5,2000
7,smlt_mm,Seasonal AR with annual harmonics,3.1239180375187448,1.7084245162109617,0.6190205218440362,0.6190205218440362,0.7087682819718617,2.8285720250649056,3.4194220570927913,0.5241017639072084,0.6859385174064686,5,2000
7,smlt_mm,Exponential smoothing,3.5477652711112873,1.179560936998489,0.5086261082042127,0.5086261082042127,0.7538347212378912,3.028052592568973,4.0293499433915425,0.33153705395003374,0.6476574895693696,5,2000
7,smlt_mm,"SARIMAX(3, 0, 1) with Fourier seasonality",3.1037480967339173,1.6935810136641183,0.6239243163900638,0.6239243163900638,0.6890151113085274,2.8108743222730186,3.372686114028874,0.5352372853773317,0.6912293076771697,5,2000
7,smlt_mm,"Degree-day, climatological target-date T",4.228191914338543,1.884438507736504,0.30207026144483906,0.30207026144483906,0.3255479142752672,3.8211092211854516,4.613150197337586,0.23061800331264995,0.35282246473593726,5,2000
7,smlt_mm,"Degree-day, observed target-date T (oracle)",3.92112624424633,1.8146147536067099,0.3997613299322048,0.3997613299322048,0.4946182196319614,3.5705216679782557,4.256326983296642,0.2855469375833026,0.4744514396430181,5,2000
15,snowc,CryoSENSE-HK (Extra Trees),12.314860038455782,4.4444134561490225,0.9364624526110268,0.9364624526110268,0.9414480467195321,10.271595186385564,14.53162845556501,0.9109665025214508,0.9559442388910449,11,2000
15,snowc,Persistence (issue-day t),26.210344820567627,8.585954183025713,0.7121826600927372,0.7121826600927372,0.8560913300463691,22.0853683341588,29.88341931392278,0.6232450263525996,0.795965345314638,11,2000
15,snowc,Training target-DOY climatology,18.158029864974914,7.460956221704907,0.861863344115307,0.861863344115307,0.8711861923390163,15.306716901141181,20.89803666105422,0.8149696310561637,0.9022392369576933,11,2000
15,snowc,Lagged linear regression,24.83051537886259,14.32141648252207,0.7416889685575712,0.7416889685575712,0.7954228363276046,21.555639973045352,28.07961757401174,0.6676017495362389,0.8045296344668812,11,2000
15,snowc,Seasonal AR with annual harmonics,19.257393896951456,12.731374146536325,0.8446302333950918,0.8446302333950918,0.8623167306196261,17.327292252089233,21.1784585272307,0.8095870669530718,0.8749999076158351,11,2000
15,snowc,Exponential smoothing,26.235291314459378,8.611154371530466,0.7116345215261606,0.7116345215261606,0.8557728493227096,22.34543662395332,30.068473446301034,0.6196767239870942,0.7897896511352493,11,2000
15,snowc,"SARIMAX(3, 0, 1) with Fourier seasonality",19.86845952896485,13.100863756658145,0.8346135679629012,0.8346135679629012,0.8735588111094434,17.89095735524112,21.824057249345298,0.7989786037430348,0.8659702672114268,11,2000
15,sd,CryoSENSE-HK (Extra Trees),0.03834697338929296,0.021577921880039295,0.9646804452033377,0.9646804452033377,0.9506633972624063,0.0335656468970363,0.04290926757667437,0.9524013210967885,0.9736872855276952,18,2000
15,sd,Persistence (issue-day t),0.08492663627548393,0.0445500946438334,0.82676290886902,0.82676290886902,0.913376035312202,0.07135457893005166,0.09824414642908033,0.7450173185825548,0.8836518894483931,18,2000
15,sd,Training target-DOY climatology,0.12007909942374215,0.06593001436678768,0.6536717800801695,0.6536717800801695,0.6945447887976786,0.10066344373183038,0.13888631138111623,0.5122266783253002,0.7571456931209853,18,2000
15,sd,Lagged linear regression,0.05831960711100858,0.0408570894290315,0.9183074945826272,0.9183074945826272,0.94304892435637,0.052322560156774896,0.06396181791334905,0.8950495769269029,0.9355667939113234,18,2000
15,sd,Seasonal AR with annual harmonics,0.05162581079871215,0.03383441992167365,0.9359842545147121,0.9359842545147121,0.9458057748654255,0.046204385580997376,0.05731958262098548,0.9175293848753978,0.948386396266658,18,2000
15,sd,Exponential smoothing,0.08517485858845386,0.04469466994367344,0.8257487593597728,0.8257487593597728,0.9128656175111436,0.07180195715277875,0.09871958838418556,0.7420534694900403,0.8832236118057362,18,2000
15,sd,"SARIMAX(3, 0, 1) with Fourier seasonality",0.05879826289286136,0.041260916622210854,0.9169610158099274,0.9169610158099274,0.9521990785223322,0.05215950967906721,0.06568676830009512,0.887414476312361,0.9361168075641033,18,2000
15,smlt_mm,CryoSENSE-HK (Extra Trees),2.2412274990620933,0.7942005224083204,0.8039015296261889,0.8039015296261889,0.7301009481751017,1.8841140905192586,2.5817396516356843,0.7430290190336516,0.8508501793729137,10,2000
15,smlt_mm,Persistence (issue-day t),4.905150172943242,1.7738127399867318,0.060694344669416034,0.060694344669416034,0.5303471723347079,4.150700949560785,5.620275198238957,-0.33743566343900605,0.3395645921995932,10,2000
15,smlt_mm,Training target-DOY climatology,3.876038061575095,1.5764321035861326,0.41348599446860157,0.41348599446860157,0.6100359431791764,3.338671801701957,4.4371035066831,0.20362574938754238,0.5611019209145947,10,2000
15,smlt_mm,Lagged linear regression,4.2141903262868645,2.4144344997834977,0.30668497372410464,0.30668497372410464,0.35660226073246026,3.66316469973169,4.759444451088749,0.171749346271897,0.4016197262385024,10,2000
15,smlt_mm,Seasonal AR with annual harmonics,3.726493472926517,2.36037485654959,0.45787048649601336,0.45787048649601336,0.5584027418668107,3.351266748415375,4.136146580213879,0.3210895159153089,0.540828971147452,10,2000
15,smlt_mm,Exponential smoothing,4.9049924337798565,1.782433683837155,0.06075475582938883,0.06075475582938883,0.5275886288597533,4.157392917998452,5.624093670124836,-0.3240691359765436,0.3379324951321204,10,2000
15,smlt_mm,"SARIMAX(3, 0, 1) with Fourier seasonality",3.696766682421545,2.3334083488052206,0.4664852830315861,0.4664852830315861,0.5218238914795374,3.309409772691754,4.091227366536556,0.3367535799142025,0.5451340960380389,10,2000
15,smlt_mm,"Degree-day, climatological target-date T",4.418820207111251,2.087805570309373,0.23771919518107265,0.23771919518107265,0.2597272173288535,3.8539573243567435,5.016000224196186,0.14053236950501008,0.2967189952989384,10,2000
15,smlt_mm,"Degree-day, observed target-date T (oracle)",3.92112624424633,1.8146147536067099,0.3997613299322048,0.3997613299322048,0.4946182196319614,3.4691696540876276,4.351678701580637,0.24931982533513516,0.49253167735448766,10,2000
30,snowc,CryoSENSE-HK (Extra Trees),12.892803091319015,5.073852554629923,0.9303588096663171,0.9303588096663171,0.9260219889411777,10.966377713974119,14.668031974267766,0.9092548244895591,0.9497639698894945,11,2000
30,snowc,Persistence (issue-day t),38.240479912886904,16.487155498157342,0.38734193642274983,0.38734193642274983,0.6937661543010969,34.19004127918753,42.190853618479366,0.24714340196035386,0.5111541137988334,11,2000
30,snowc,Training target-DOY climatology,18.1580298659658,7.460958952216045,0.8618633441002307,0.8618633441002307,0.8711861989090532,15.178149913126038,21.01997280746211,0.8121141226464255,0.9036464447409427,11,2000
30,snowc,Lagged linear regression,34.13119810846532,25.28592485976711,0.5119384968370684,0.5119384968370684,0.5942558599754388,31.39911997175471,36.86085459801893,0.42692087047957783,0.5871865100653375,11,2000
30,snowc,Seasonal AR with annual harmonics,21.02368401996018,14.999677271367247,0.8148221117382826,0.8148221117382826,0.822104773652682,19.251111648912673,22.80549711738893,0.7788927509441508,0.8452246570562536,11,2000
30,snowc,Exponential smoothing,38.25848050120127,16.51440736014624,0.38676501891503057,0.38676501891503057,0.693384840643811,34.20812638293614,42.3863309745308,0.2450617229872947,0.5116301012984052,11,2000
30,snowc,"SARIMAX(3, 0, 1) with Fourier seasonality",22.286010224753753,16.575192947164176,0.7919172222054722,0.7919172222054722,0.8392843484110406,20.608883540347737,24.008392178578646,0.7558124978828119,0.822683452237099,11,2000
30,sd,CryoSENSE-HK (XGBoost),0.061243669039281017,0.033662762206491954,0.9099102382734571,0.9099102382734571,0.9052978732450527,0.05053171656527613,0.07103030778190159,0.8672289523858707,0.9386883167503249,25,2000
30,sd,Persistence (issue-day t),0.15138469602435967,0.08572397964212762,0.4495511322459731,0.4495511322459731,0.7247510356162459,0.12579419674730416,0.17898519445049912,0.15456488814883457,0.6374641756966426,25,2000
30,sd,Training target-DOY climatology,0.1200604052452885,0.06589877777850542,0.653779605965098,0.653779605965098,0.695164652742424,0.0964339981582038,0.14282223060650864,0.47613360196616794,0.7712430937273239,25,2000
30,sd,Lagged linear regression,0.1134026936437997,0.08356467164139507,0.6911128957039012,0.6911128957039012,0.781259532076751,0.09992602832731538,0.1278315840994577,0.5858997637942747,0.7635572024788525,25,2000
30,sd,Seasonal AR with annual harmonics,0.08879911805508311,0.06038321087478258,0.8106042011435082,0.8106042011435082,0.8662669932802886,0.07764134352290498,0.09954571348594965,0.7422970405312382,0.8552706979341123,25,2000
30,sd,Exponential smoothing,0.15158024625251426,0.08585880702710466,0.44812813604607926,0.44812813604607926,0.7240288350746414,0.1241765818691805,0.17933476778733792,0.1310248816774478,0.6415306111242033,25,2000
30,sd,"SARIMAX(3, 0, 1) with Fourier seasonality",0.09848406166237704,0.06976139971408915,0.7670380787713074,0.7670380787713074,0.8763886253379682,0.0857857961665623,0.11157370133859268,0.6653411735584215,0.8259133190757897,25,2000
30,smlt_mm,CryoSENSE-HK (XGBoost),2.636796804483949,0.977342813439055,0.7285713738343147,0.7285713738343147,0.7804798217128364,2.263561752281134,2.9919846455320336,0.6271843121507964,0.7975356626328202,10,2000
30,smlt_mm,Persistence (issue-day t),6.726761413230974,2.7929096913760514,-0.766502960715814,-0.766502960715814,0.11679723677508769,5.903367579188548,7.556373171872023,-1.422615953721774,-0.3762600389719825,10,2000
30,smlt_mm,Training target-DOY climatology,3.876038062639891,1.5764334484283955,0.41348599414635623,0.41348599414635623,0.6100356153381843,3.32183266882676,4.4361847507744345,0.2008839218069639,0.561775662990053,10,2000
30,smlt_mm,Lagged linear regression,4.980261007941265,3.0553576415370753,0.03170758635263826,0.03170758635263826,-0.10598548638133543,4.266854821765965,5.679200042117749,-0.025760016080426263,0.0713472790972031,10,2000
30,smlt_mm,Seasonal AR with annual harmonics,3.9503321835804557,2.6086147078947683,0.3907864487848808,0.3907864487848808,0.4977364106541402,3.554142587972142,4.354668394639022,0.2537262522038443,0.47661179597617054,10,2000
30,smlt_mm,Exponential smoothing,6.301018509918776,3.1758943224196243,-0.549971925586501,-0.549971925586501,-0.07942717309837466,5.607992846847886,6.983279146393104,-0.9001499892289382,-0.328639071603938,10,2000
30,smlt_mm,"SARIMAX(3, 0, 1) with Fourier seasonality",3.922484480264017,2.5480732145179457,0.3993454254548897,0.3993454254548897,0.46238193281212314,3.5168838942705887,4.346312649640219,0.2628692874184051,0.48066083374397284,10,2000
30,smlt_mm,"Degree-day, climatological target-date T",4.674327323877379,2.429776078203597,0.14701663207228743,0.14701663207228743,0.1378220287929851,4.087496873267895,5.271279104160339,0.06805137987123476,0.19167955680075047,10,2000
30,smlt_mm,"Degree-day, observed target-date T (oracle)",3.92112624424633,1.8146147536067099,0.3997613299322048,0.3997613299322048,0.4946182196319614,3.478273076662754,4.358071414422445,0.2457132132280526,0.49340449769672223,10,2000
