horizon_days,target,fold,fold_start,fold_end,feature,mean_abs_shap,rank
1,snowc,0,1950-01-08,1963-01-05,snowc_lag0,38.20275614203801,1
1,snowc,0,1950-01-08,1963-01-05,sd_lag0,10.380687733399453,2
1,snowc,0,1950-01-08,1963-01-05,sd_lag1,1.1071873256372564,3
1,snowc,0,1950-01-08,1963-01-05,snowc_lag1,0.788306453244611,4
1,snowc,1,1963-01-06,1976-01-04,snowc_lag0,38.448616398400006,1
1,snowc,1,1963-01-06,1976-01-04,sd_lag0,10.968856631949283,2
1,snowc,1,1963-01-06,1976-01-04,sd_lag1,1.2640357388543737,3
1,snowc,1,1963-01-06,1976-01-04,snowc_lag1,0.6052370851259278,4
1,snowc,2,1976-01-05,1989-01-01,snowc_lag0,38.245822114086515,1
1,snowc,2,1976-01-05,1989-01-01,sd_lag0,11.163076452731552,2
1,snowc,2,1976-01-05,1989-01-01,sd_lag1,1.1700642321726704,3
1,snowc,2,1976-01-05,1989-01-01,snowc_lag1,0.6105796185846387,4
1,snowc,3,1989-01-02,2001-12-31,snowc_lag0,38.317925393996035,1
1,snowc,3,1989-01-02,2001-12-31,sd_lag0,11.033840961804932,2
1,snowc,3,1989-01-02,2001-12-31,sd_lag1,1.1690887688488039,3
1,snowc,3,1989-01-02,2001-12-31,snowc_lag1,0.61552891606458,4
1,snowc,4,2002-01-01,2014-12-30,snowc_lag0,38.21816037348722,1
1,snowc,4,2002-01-01,2014-12-30,sd_lag0,10.866919157094785,2
1,snowc,4,2002-01-01,2014-12-30,sd_lag1,1.2806860185780593,3
1,snowc,4,2002-01-01,2014-12-30,snowc_lag1,0.4234201037994828,4
1,sd,0,1950-01-08,1963-01-05,sd_lag0,0.14374388504835975,1
1,sd,0,1950-01-08,1963-01-05,sd_lag1,0.03983780728603882,2
1,sd,0,1950-01-08,1963-01-05,sd_lag3,0.005435552228779764,3
1,sd,0,1950-01-08,1963-01-05,snowc_lag0,0.0045376142197626245,4
1,sd,0,1950-01-08,1963-01-05,doy_cos,0.0016990249175382426,5
1,sd,0,1950-01-08,1963-01-05,t2m_C_lag7,0.00048370386512542235,6
1,sd,0,1950-01-08,1963-01-05,sshf_W,0.0004530486000010907,7
1,sd,0,1950-01-08,1963-01-05,sd_lag7,0.00040458277777781433,8
1,sd,0,1950-01-08,1963-01-05,snowc_lag1,0.0002564501184322123,9
1,sd,0,1950-01-08,1963-01-05,doy_sin,0.00013570051277668108,10
1,sd,0,1950-01-08,1963-01-05,snowc_lag7,2.1615678492746113e-05,11
1,sd,0,1950-01-08,1963-01-05,snowc_lag3,1.2312410733654914e-05,12
1,sd,1,1963-01-06,1976-01-04,sd_lag0,0.1582117260061816,1
1,sd,1,1963-01-06,1976-01-04,sd_lag1,0.043129126016728025,2
1,sd,1,1963-01-06,1976-01-04,sd_lag3,0.0058152598402000264,3
1,sd,1,1963-01-06,1976-01-04,snowc_lag0,0.004428750534943586,4
1,sd,1,1963-01-06,1976-01-04,doy_cos,0.0019221636188043263,5
1,sd,1,1963-01-06,1976-01-04,sd_lag7,0.0005432606046243851,6
1,sd,1,1963-01-06,1976-01-04,t2m_C_lag7,0.0004800198942781477,7
1,sd,1,1963-01-06,1976-01-04,sshf_W,0.00039426248868039144,8
1,sd,1,1963-01-06,1976-01-04,snowc_lag1,0.00015439947155726556,9
1,sd,1,1963-01-06,1976-01-04,doy_sin,0.00012146440974849615,10
1,sd,1,1963-01-06,1976-01-04,snowc_lag3,1.60394022962307e-05,11
1,sd,1,1963-01-06,1976-01-04,snowc_lag7,1.3665423521486206e-05,12
1,sd,2,1976-01-05,1989-01-01,sd_lag0,0.14843336121788844,1
1,sd,2,1976-01-05,1989-01-01,sd_lag1,0.041349023334508093,2
1,sd,2,1976-01-05,1989-01-01,sd_lag3,0.005573682985680127,3
1,sd,2,1976-01-05,1989-01-01,snowc_lag0,0.00464682239225756,4
1,sd,2,1976-01-05,1989-01-01,doy_cos,0.0019875897268557823,5
1,sd,2,1976-01-05,1989-01-01,sd_lag7,0.0005082144738254146,6
1,sd,2,1976-01-05,1989-01-01,sshf_W,0.00041917481880218753,7
1,sd,2,1976-01-05,1989-01-01,t2m_C_lag7,0.0003965601753897965,8
1,sd,2,1976-01-05,1989-01-01,snowc_lag1,0.0002244675639698565,9
1,sd,2,1976-01-05,1989-01-01,doy_sin,9.714756333779905e-05,10
1,sd,2,1976-01-05,1989-01-01,snowc_lag7,3.0844040328591146e-05,11
1,sd,2,1976-01-05,1989-01-01,snowc_lag3,1.5340349115714767e-05,12
1,sd,3,1989-01-02,2001-12-31,sd_lag0,0.14074674136747753,1
1,sd,3,1989-01-02,2001-12-31,sd_lag1,0.039405970971507914,2
1,sd,3,1989-01-02,2001-12-31,sd_lag3,0.004870348815411945,3
1,sd,3,1989-01-02,2001-12-31,snowc_lag0,0.004463937580271819,4
1,sd,3,1989-01-02,2001-12-31,doy_cos,0.0019441917432550123,5
1,sd,3,1989-01-02,2001-12-31,sd_lag7,0.0006172009452456699,6
1,sd,3,1989-01-02,2001-12-31,t2m_C_lag7,0.0005149080550691102,7
1,sd,3,1989-01-02,2001-12-31,sshf_W,0.00041865910679516656,8
1,sd,3,1989-01-02,2001-12-31,snowc_lag1,0.00019931872574996916,9
1,sd,3,1989-01-02,2001-12-31,doy_sin,0.00013051604054588542,10
1,sd,3,1989-01-02,2001-12-31,snowc_lag3,2.263866008342673e-05,11
1,sd,3,1989-01-02,2001-12-31,snowc_lag7,1.3234482011128042e-05,12
1,sd,4,2002-01-01,2014-12-30,sd_lag0,0.14296177030322638,1
1,sd,4,2002-01-01,2014-12-30,sd_lag1,0.040100488712831575,2
1,sd,4,2002-01-01,2014-12-30,sd_lag3,0.0056532878372329625,3
1,sd,4,2002-01-01,2014-12-30,snowc_lag0,0.0044796775298397516,4
1,sd,4,2002-01-01,2014-12-30,doy_cos,0.0017928571079120958,5
1,sd,4,2002-01-01,2014-12-30,sd_lag7,0.0005621393815769477,6
1,sd,4,2002-01-01,2014-12-30,sshf_W,0.0004507917421329428,7
1,sd,4,2002-01-01,2014-12-30,t2m_C_lag7,0.0004227471146345089,8
1,sd,4,2002-01-01,2014-12-30,snowc_lag1,0.00025767589705670286,9
1,sd,4,2002-01-01,2014-12-30,doy_sin,0.00010446258090690194,10
1,sd,4,2002-01-01,2014-12-30,snowc_lag7,1.647117322599231e-05,11
1,sd,4,2002-01-01,2014-12-30,snowc_lag3,1.4133963626443168e-05,12
1,smlt_mm,0,1950-01-08,1963-01-05,smlt_mm_lag1,1.5747948013507231,1
1,smlt_mm,0,1950-01-08,1963-01-05,smlt_mm_lag3,0.5862355042301287,2
1,smlt_mm,0,1950-01-08,1963-01-05,t2m_C,0.5361643860759707,3
1,smlt_mm,0,1950-01-08,1963-01-05,snowc_lag0,0.29103523746057636,4
1,smlt_mm,0,1950-01-08,1963-01-05,sd_lag3,0.2759539017137243,5
1,smlt_mm,0,1950-01-08,1963-01-05,doy_cos,0.2600276168317048,6
1,smlt_mm,0,1950-01-08,1963-01-05,snowc_lag3,0.14237063919903759,7
1,smlt_mm,0,1950-01-08,1963-01-05,snowc_lag1,0.13618121958663498,8
1,smlt_mm,0,1950-01-08,1963-01-05,sd_lag1,0.1166983693098259,9
1,smlt_mm,0,1950-01-08,1963-01-05,sd_lag0,0.1136263832041543,10
1,smlt_mm,0,1950-01-08,1963-01-05,t2m_C_lag1,0.10771756563247747,11
1,smlt_mm,0,1950-01-08,1963-01-05,doy_sin,0.0812117643450494,12
1,smlt_mm,1,1963-01-06,1976-01-04,smlt_mm_lag1,1.7241105792596183,1
1,smlt_mm,1,1963-01-06,1976-01-04,smlt_mm_lag3,0.6112094292839229,2
1,smlt_mm,1,1963-01-06,1976-01-04,t2m_C,0.5310359571423958,3
1,smlt_mm,1,1963-01-06,1976-01-04,doy_cos,0.32534782283505664,4
1,smlt_mm,1,1963-01-06,1976-01-04,snowc_lag0,0.31844197830760135,5
1,smlt_mm,1,1963-01-06,1976-01-04,sd_lag3,0.22124570278922306,6
1,smlt_mm,1,1963-01-06,1976-01-04,snowc_lag3,0.17688206421952296,7
1,smlt_mm,1,1963-01-06,1976-01-04,snowc_lag1,0.13192059948739454,8
1,smlt_mm,1,1963-01-06,1976-01-04,sd_lag1,0.12123516710178085,9
1,smlt_mm,1,1963-01-06,1976-01-04,doy_sin,0.10843194427203978,10
1,smlt_mm,1,1963-01-06,1976-01-04,t2m_C_lag1,0.10348742407095973,11
1,smlt_mm,1,1963-01-06,1976-01-04,sd_lag0,0.09975623111851639,12
1,smlt_mm,2,1976-01-05,1989-01-01,smlt_mm_lag1,1.8145490477066226,1
1,smlt_mm,2,1976-01-05,1989-01-01,smlt_mm_lag3,0.616254300966982,2
1,smlt_mm,2,1976-01-05,1989-01-01,t2m_C,0.458044815026545,3
1,smlt_mm,2,1976-01-05,1989-01-01,snowc_lag0,0.33733304935008446,4
1,smlt_mm,2,1976-01-05,1989-01-01,doy_cos,0.2739398175784123,5
1,smlt_mm,2,1976-01-05,1989-01-01,sd_lag3,0.18654062065353286,6
1,smlt_mm,2,1976-01-05,1989-01-01,snowc_lag1,0.12942523646728124,7
1,smlt_mm,2,1976-01-05,1989-01-01,snowc_lag3,0.12361790471690347,8
1,smlt_mm,2,1976-01-05,1989-01-01,sd_lag1,0.11740613375560471,9
1,smlt_mm,2,1976-01-05,1989-01-01,doy_sin,0.09902614980760115,10
1,smlt_mm,2,1976-01-05,1989-01-01,t2m_C_lag1,0.09030649960799848,11
1,smlt_mm,2,1976-01-05,1989-01-01,sd_lag0,0.08496719873490095,12
1,smlt_mm,3,1989-01-02,2001-12-31,smlt_mm_lag1,1.7197012773332652,1
1,smlt_mm,3,1989-01-02,2001-12-31,smlt_mm_lag3,0.5981357444674592,2
1,smlt_mm,3,1989-01-02,2001-12-31,t2m_C,0.4897097633629426,3
1,smlt_mm,3,1989-01-02,2001-12-31,snowc_lag0,0.31642902671651946,4
1,smlt_mm,3,1989-01-02,2001-12-31,doy_cos,0.2608027427232485,5
1,smlt_mm,3,1989-01-02,2001-12-31,sd_lag3,0.23688841066859723,6
1,smlt_mm,3,1989-01-02,2001-12-31,snowc_lag3,0.1386685434590032,7
1,smlt_mm,3,1989-01-02,2001-12-31,snowc_lag1,0.13730838897902284,8
1,smlt_mm,3,1989-01-02,2001-12-31,sd_lag1,0.11315555177829892,9
1,smlt_mm,3,1989-01-02,2001-12-31,t2m_C_lag1,0.10189079023904299,10
1,smlt_mm,3,1989-01-02,2001-12-31,sd_lag0,0.10051313781012505,11
1,smlt_mm,3,1989-01-02,2001-12-31,doy_sin,0.08034706614469833,12
1,smlt_mm,4,2002-01-01,2014-12-30,smlt_mm_lag1,1.7219254075150194,1
1,smlt_mm,4,2002-01-01,2014-12-30,smlt_mm_lag3,0.5885613525580365,2
1,smlt_mm,4,2002-01-01,2014-12-30,t2m_C,0.4729707708392528,3
1,smlt_mm,4,2002-01-01,2014-12-30,snowc_lag0,0.3042854878505466,4
1,smlt_mm,4,2002-01-01,2014-12-30,doy_cos,0.26785250881371214,5
1,smlt_mm,4,2002-01-01,2014-12-30,sd_lag3,0.22508617339842557,6
1,smlt_mm,4,2002-01-01,2014-12-30,snowc_lag3,0.17050334466769362,7
1,smlt_mm,4,2002-01-01,2014-12-30,snowc_lag1,0.16743696493447532,8
1,smlt_mm,4,2002-01-01,2014-12-30,sd_lag1,0.11603691470947748,9
1,smlt_mm,4,2002-01-01,2014-12-30,t2m_C_lag1,0.09872567646422543,10
1,smlt_mm,4,2002-01-01,2014-12-30,doy_sin,0.0939935429761692,11
1,smlt_mm,4,2002-01-01,2014-12-30,sd_lag0,0.0898632410612196,12
7,snowc,0,1950-01-08,1963-01-04,snowc_lag0,27.008036320186463,1
7,snowc,0,1950-01-08,1963-01-04,doy_cos,11.199115044169247,2
7,snowc,0,1950-01-08,1963-01-04,snowc_lag1,7.046584596477038,3
7,snowc,0,1950-01-08,1963-01-04,sd_lag0,2.880605788365448,4
7,snowc,0,1950-01-08,1963-01-04,doy_sin,2.0167979843594295,5
7,snowc,0,1950-01-08,1963-01-04,sd_lag1,1.6722955397992487,6
7,snowc,1,1963-01-05,1976-01-01,snowc_lag0,28.636050122138606,1
7,snowc,1,1963-01-05,1976-01-01,doy_cos,10.68756049818493,2
7,snowc,1,1963-01-05,1976-01-01,snowc_lag1,5.835877699157064,3
7,snowc,1,1963-01-05,1976-01-01,sd_lag0,3.148471796140172,4
7,snowc,1,1963-01-05,1976-01-01,doy_sin,2.019348856277061,5
7,snowc,1,1963-01-05,1976-01-01,sd_lag1,1.6598039550516632,6
7,snowc,2,1976-01-02,1988-12-29,snowc_lag0,27.402528778429154,1
7,snowc,2,1976-01-02,1988-12-29,doy_cos,10.910333694420272,2
7,snowc,2,1976-01-02,1988-12-29,snowc_lag1,5.821218100707801,3
7,snowc,2,1976-01-02,1988-12-29,sd_lag0,3.4773836087617407,4
7,snowc,2,1976-01-02,1988-12-29,doy_sin,2.372253683029397,5
7,snowc,2,1976-01-02,1988-12-29,sd_lag1,1.8418638165650254,6
7,snowc,3,1988-12-30,2001-12-26,snowc_lag0,28.225966460411072,1
7,snowc,3,1988-12-30,2001-12-26,doy_cos,11.41788070020486,2
7,snowc,3,1988-12-30,2001-12-26,snowc_lag1,5.406256554036237,3
7,snowc,3,1988-12-30,2001-12-26,sd_lag0,3.081614713525294,4
7,snowc,3,1988-12-30,2001-12-26,doy_sin,2.5325088074542776,5
7,snowc,3,1988-12-30,2001-12-26,sd_lag1,1.7003042566480666,6
7,snowc,4,2001-12-27,2014-12-24,snowc_lag0,27.650423440456983,1
7,snowc,4,2001-12-27,2014-12-24,doy_cos,11.290911713166656,2
7,snowc,4,2001-12-27,2014-12-24,snowc_lag1,6.5657798241408925,3
7,snowc,4,2001-12-27,2014-12-24,sd_lag0,3.006155893207587,4
7,snowc,4,2001-12-27,2014-12-24,doy_sin,2.2673324488893196,5
7,snowc,4,2001-12-27,2014-12-24,sd_lag1,1.6449263739938145,6
7,sd,0,1950-01-08,1963-01-04,sd_lag0,0.06434420593754073,1
7,sd,0,1950-01-08,1963-01-04,sd_lag1,0.05592048992765738,2
7,sd,0,1950-01-08,1963-01-04,sd_lag3,0.029759785614679467,3
7,sd,0,1950-01-08,1963-01-04,doy_cos,0.026467431161439906,4
7,sd,0,1950-01-08,1963-01-04,snowc_lag0,0.014566125649624818,5
7,sd,0,1950-01-08,1963-01-04,sd_lag7,0.012135376416709379,6
7,sd,0,1950-01-08,1963-01-04,snowc_lag1,0.010702233726208217,7
7,sd,0,1950-01-08,1963-01-04,snowc_lag3,0.005258929315406411,8
7,sd,0,1950-01-08,1963-01-04,doy_sin,0.0018398905670219186,9
7,sd,0,1950-01-08,1963-01-04,sshf_W,0.0017327679692642577,10
7,sd,1,1963-01-05,1976-01-01,sd_lag0,0.0720663525689923,1
7,sd,1,1963-01-05,1976-01-01,sd_lag1,0.0592213539499227,2
7,sd,1,1963-01-05,1976-01-01,sd_lag3,0.03365417649720916,3
7,sd,1,1963-01-05,1976-01-01,doy_cos,0.02710407877097227,4
7,sd,1,1963-01-05,1976-01-01,snowc_lag0,0.015273371756721025,5
7,sd,1,1963-01-05,1976-01-01,sd_lag7,0.012303185243945714,6
7,sd,1,1963-01-05,1976-01-01,snowc_lag1,0.010387463075139046,7
7,sd,1,1963-01-05,1976-01-01,snowc_lag3,0.0051813749671796765,8
7,sd,1,1963-01-05,1976-01-01,doy_sin,0.001755734068505132,9
7,sd,1,1963-01-05,1976-01-01,sshf_W,0.001220461392025272,10
7,sd,2,1976-01-02,1988-12-29,sd_lag0,0.06814490305667542,1
7,sd,2,1976-01-02,1988-12-29,sd_lag1,0.05606103116948107,2
7,sd,2,1976-01-02,1988-12-29,sd_lag3,0.029823251428492566,3
7,sd,2,1976-01-02,1988-12-29,doy_cos,0.02746009743534688,4
7,sd,2,1976-01-02,1988-12-29,snowc_lag0,0.015501965766391042,5
7,sd,2,1976-01-02,1988-12-29,sd_lag7,0.0129909814126654,6
7,sd,2,1976-01-02,1988-12-29,snowc_lag1,0.010891410169337083,7
7,sd,2,1976-01-02,1988-12-29,snowc_lag3,0.005398931910630293,8
7,sd,2,1976-01-02,1988-12-29,doy_sin,0.0019027916446117262,9
7,sd,2,1976-01-02,1988-12-29,sshf_W,0.0013274577339114878,10
7,sd,3,1988-12-30,2001-12-26,sd_lag0,0.06426647217749482,1
7,sd,3,1988-12-30,2001-12-26,sd_lag1,0.051492528439862184,2
7,sd,3,1988-12-30,2001-12-26,sd_lag3,0.02937594747770444,3
7,sd,3,1988-12-30,2001-12-26,doy_cos,0.02881117188021806,4
7,sd,3,1988-12-30,2001-12-26,snowc_lag0,0.014523170667969858,5
7,sd,3,1988-12-30,2001-12-26,sd_lag7,0.012569260910026855,6
7,sd,3,1988-12-30,2001-12-26,snowc_lag1,0.010702130505993886,7
7,sd,3,1988-12-30,2001-12-26,snowc_lag3,0.00487496747743557,8
7,sd,3,1988-12-30,2001-12-26,doy_sin,0.0021100613348989535,9
7,sd,3,1988-12-30,2001-12-26,sshf_W,0.0012507915939427702,10
7,sd,4,2001-12-27,2014-12-24,sd_lag0,0.06309524142445185,1
7,sd,4,2001-12-27,2014-12-24,sd_lag1,0.05599043638646973,2
7,sd,4,2001-12-27,2014-12-24,doy_cos,0.027901404578496408,3
7,sd,4,2001-12-27,2014-12-24,sd_lag3,0.02789510033415011,4
7,sd,4,2001-12-27,2014-12-24,snowc_lag0,0.01481730198743501,5
7,sd,4,2001-12-27,2014-12-24,sd_lag7,0.013002828043822216,6
7,sd,4,2001-12-27,2014-12-24,snowc_lag1,0.01010609673263616,7
7,sd,4,2001-12-27,2014-12-24,snowc_lag3,0.0034996850769744253,8
7,sd,4,2001-12-27,2014-12-24,doy_sin,0.001938181110452473,9
7,sd,4,2001-12-27,2014-12-24,sshf_W,0.0013355812797589094,10
7,smlt_mm,0,1950-01-08,1963-01-04,smlt_mm_lag1,1.3566031455993652,1
7,smlt_mm,0,1950-01-08,1963-01-04,sd_lag0,1.154906153678894,2
7,smlt_mm,0,1950-01-08,1963-01-04,doy_cos,0.8890120983123779,3
7,smlt_mm,0,1950-01-08,1963-01-04,doy_sin,0.8303026556968689,4
7,smlt_mm,0,1950-01-08,1963-01-04,t2m_C,0.23611485958099365,5
7,smlt_mm,0,1950-01-08,1963-01-04,t2m_C_lag1,0.08970259875059128,6
7,smlt_mm,1,1963-01-05,1976-01-01,smlt_mm_lag1,1.4939829111099243,1
7,smlt_mm,1,1963-01-05,1976-01-01,sd_lag0,1.1820437908172607,2
7,smlt_mm,1,1963-01-05,1976-01-01,doy_cos,0.9111329317092896,3
7,smlt_mm,1,1963-01-05,1976-01-01,doy_sin,0.8373298048973083,4
7,smlt_mm,1,1963-01-05,1976-01-01,t2m_C,0.2830018997192383,5
7,smlt_mm,1,1963-01-05,1976-01-01,t2m_C_lag1,0.1385977864265442,6
7,smlt_mm,2,1976-01-02,1988-12-29,smlt_mm_lag1,1.4526457786560059,1
7,smlt_mm,2,1976-01-02,1988-12-29,sd_lag0,1.1493247747421265,2
7,smlt_mm,2,1976-01-02,1988-12-29,doy_cos,0.9651471376419067,3
7,smlt_mm,2,1976-01-02,1988-12-29,doy_sin,0.7713647484779358,4
7,smlt_mm,2,1976-01-02,1988-12-29,t2m_C,0.21288461983203888,5
7,smlt_mm,2,1976-01-02,1988-12-29,t2m_C_lag1,0.19306142628192902,6
7,smlt_mm,3,1988-12-30,2001-12-26,smlt_mm_lag1,1.3997248411178589,1
7,smlt_mm,3,1988-12-30,2001-12-26,sd_lag0,1.1523659229278564,2
7,smlt_mm,3,1988-12-30,2001-12-26,doy_cos,0.8873662948608398,3
7,smlt_mm,3,1988-12-30,2001-12-26,doy_sin,0.8401840925216675,4
7,smlt_mm,3,1988-12-30,2001-12-26,t2m_C,0.24400629103183746,5
7,smlt_mm,3,1988-12-30,2001-12-26,t2m_C_lag1,0.11943141371011734,6
7,smlt_mm,4,2001-12-27,2014-12-24,smlt_mm_lag1,1.5014435052871704,1
7,smlt_mm,4,2001-12-27,2014-12-24,sd_lag0,1.101808786392212,2
7,smlt_mm,4,2001-12-27,2014-12-24,doy_cos,0.8306556344032288,3
7,smlt_mm,4,2001-12-27,2014-12-24,doy_sin,0.7584524154663086,4
7,smlt_mm,4,2001-12-27,2014-12-24,t2m_C,0.20525173842906952,5
7,smlt_mm,4,2001-12-27,2014-12-24,t2m_C_lag1,0.18051934242248535,6
15,snowc,0,1950-01-08,1963-01-02,sd_lag0,10.317195939611047,1
15,snowc,0,1950-01-08,1963-01-02,t2m_C_lag3,6.950995677299193,2
15,snowc,0,1950-01-08,1963-01-02,doy_cos,6.950814738317082,3
15,snowc,0,1950-01-08,1963-01-02,t2m_C,6.674877989055452,4
15,snowc,0,1950-01-08,1963-01-02,t2m_C_lag1,6.24183818576731,5
15,snowc,0,1950-01-08,1963-01-02,t2m_C_lag7,5.999739397487618,6
15,snowc,0,1950-01-08,1963-01-02,net_radiation_W,4.546137925127579,7
15,snowc,0,1950-01-08,1963-01-02,doy_sin,2.516396585909524,8
15,snowc,1,1963-01-03,1975-12-29,sd_lag0,11.682915003341622,1
15,snowc,1,1963-01-03,1975-12-29,t2m_C,7.287653840094973,2
15,snowc,1,1963-01-03,1975-12-29,t2m_C_lag1,6.954727902858098,3
15,snowc,1,1963-01-03,1975-12-29,t2m_C_lag3,6.4989541920879415,4
15,snowc,1,1963-01-03,1975-12-29,doy_cos,5.919271717054518,5
15,snowc,1,1963-01-03,1975-12-29,t2m_C_lag7,5.883916889689115,6
15,snowc,1,1963-01-03,1975-12-29,net_radiation_W,4.080487780785144,7
15,snowc,1,1963-01-03,1975-12-29,doy_sin,2.229720473735247,8
15,snowc,2,1975-12-30,1988-12-24,sd_lag0,10.535524730282587,1
15,snowc,2,1975-12-30,1988-12-24,t2m_C_lag3,6.922299822305091,2
15,snowc,2,1975-12-30,1988-12-24,t2m_C_lag1,6.8510047945560535,3
15,snowc,2,1975-12-30,1988-12-24,t2m_C,6.803391690985634,4
15,snowc,2,1975-12-30,1988-12-24,doy_cos,6.182442544126654,5
15,snowc,2,1975-12-30,1988-12-24,t2m_C_lag7,6.171288959269966,6
15,snowc,2,1975-12-30,1988-12-24,net_radiation_W,4.236971996982114,7
15,snowc,2,1975-12-30,1988-12-24,doy_sin,2.5247420893411956,8
15,snowc,3,1988-12-25,2001-12-20,sd_lag0,9.759914864458569,1
15,snowc,3,1988-12-25,2001-12-20,t2m_C,7.392305078602168,2
15,snowc,3,1988-12-25,2001-12-20,t2m_C_lag1,6.864192832139285,3
15,snowc,3,1988-12-25,2001-12-20,doy_cos,6.5647616523182375,4
15,snowc,3,1988-12-25,2001-12-20,t2m_C_lag3,6.53981566411437,5
15,snowc,3,1988-12-25,2001-12-20,t2m_C_lag7,5.722415867456317,6
15,snowc,3,1988-12-25,2001-12-20,net_radiation_W,4.801785928972827,7
15,snowc,3,1988-12-25,2001-12-20,doy_sin,2.7999459303912353,8
15,snowc,4,2001-12-21,2014-12-16,sd_lag0,11.196593154642404,1
15,snowc,4,2001-12-21,2014-12-16,t2m_C,6.612145722668307,2
15,snowc,4,2001-12-21,2014-12-16,t2m_C_lag7,6.580801211388714,3
15,snowc,4,2001-12-21,2014-12-16,doy_cos,6.311412364301241,4
15,snowc,4,2001-12-21,2014-12-16,t2m_C_lag3,6.170655229275292,5
15,snowc,4,2001-12-21,2014-12-16,t2m_C_lag1,6.144514634213636,6
15,snowc,4,2001-12-21,2014-12-16,net_radiation_W,5.168458606438469,7
15,snowc,4,2001-12-21,2014-12-16,doy_sin,2.700665001703539,8
15,sd,0,1950-01-08,1963-01-02,sd_lag0,0.0525889809180087,1
15,sd,0,1950-01-08,1963-01-02,sd_lag1,0.04520479492982983,2
15,sd,0,1950-01-08,1963-01-02,doy_cos,0.03534961948369761,3
15,sd,0,1950-01-08,1963-01-02,sd_lag3,0.0285561983378408,4
15,sd,0,1950-01-08,1963-01-02,snowc_lag0,0.01840226125196168,5
15,sd,0,1950-01-08,1963-01-02,snowc_lag1,0.011316758759920898,6
15,sd,0,1950-01-08,1963-01-02,t2m_C,0.010773805902239975,7
15,sd,0,1950-01-08,1963-01-02,sd_lag7,0.010598270968386978,8
15,sd,0,1950-01-08,1963-01-02,t2m_C_lag1,0.008288833798093335,9
15,sd,0,1950-01-08,1963-01-02,t2m_C_lag7,0.006880313592971183,10
15,sd,0,1950-01-08,1963-01-02,t2m_C_lag3,0.00673135059520277,11
15,sd,0,1950-01-08,1963-01-02,doy_sin,0.0034365933983611084,12
15,sd,1,1963-01-03,1975-12-29,sd_lag0,0.05910900230305605,1
15,sd,1,1963-01-03,1975-12-29,sd_lag1,0.0518318127223912,2
15,sd,1,1963-01-03,1975-12-29,doy_cos,0.03802418650537158,3
15,sd,1,1963-01-03,1975-12-29,sd_lag3,0.026793741950857746,4
15,sd,1,1963-01-03,1975-12-29,snowc_lag0,0.018668886348578488,5
15,sd,1,1963-01-03,1975-12-29,snowc_lag1,0.015362299513961656,6
15,sd,1,1963-01-03,1975-12-29,sd_lag7,0.011074038837059302,7
15,sd,1,1963-01-03,1975-12-29,t2m_C,0.011008515529897301,8
15,sd,1,1963-01-03,1975-12-29,t2m_C_lag1,0.007951157446178614,9
15,sd,1,1963-01-03,1975-12-29,t2m_C_lag7,0.006225251101701136,10
15,sd,1,1963-01-03,1975-12-29,t2m_C_lag3,0.0058547886096892805,11
15,sd,1,1963-01-03,1975-12-29,doy_sin,0.0031840534898563084,12
15,sd,2,1975-12-30,1988-12-24,sd_lag0,0.056756577112000106,1
15,sd,2,1975-12-30,1988-12-24,sd_lag1,0.04832702028616061,2
15,sd,2,1975-12-30,1988-12-24,doy_cos,0.03940133650774916,3
15,sd,2,1975-12-30,1988-12-24,sd_lag3,0.025850101663446163,4
15,sd,2,1975-12-30,1988-12-24,snowc_lag0,0.018891658351726535,5
15,sd,2,1975-12-30,1988-12-24,snowc_lag1,0.013704738314664353,6
15,sd,2,1975-12-30,1988-12-24,sd_lag7,0.010508888630331621,7
15,sd,2,1975-12-30,1988-12-24,t2m_C,0.009333246340192865,8
15,sd,2,1975-12-30,1988-12-24,t2m_C_lag1,0.007618313281823693,9
15,sd,2,1975-12-30,1988-12-24,t2m_C_lag3,0.00670222384129522,10
15,sd,2,1975-12-30,1988-12-24,t2m_C_lag7,0.005586721725202389,11
15,sd,2,1975-12-30,1988-12-24,doy_sin,0.003365753094873742,12
15,sd,3,1988-12-25,2001-12-20,sd_lag0,0.050396651045408934,1
15,sd,3,1988-12-25,2001-12-20,sd_lag1,0.044579963448427844,2
15,sd,3,1988-12-25,2001-12-20,doy_cos,0.039690385693690704,3
15,sd,3,1988-12-25,2001-12-20,sd_lag3,0.026541177776448384,4
15,sd,3,1988-12-25,2001-12-20,snowc_lag0,0.017516206256348664,5
15,sd,3,1988-12-25,2001-12-20,sd_lag7,0.012088167026316567,6
15,sd,3,1988-12-25,2001-12-20,t2m_C,0.011560151775424002,7
15,sd,3,1988-12-25,2001-12-20,snowc_lag1,0.009851201589720457,8
15,sd,3,1988-12-25,2001-12-20,t2m_C_lag1,0.00800956543940136,9
15,sd,3,1988-12-25,2001-12-20,t2m_C_lag7,0.006329542022240916,10
15,sd,3,1988-12-25,2001-12-20,t2m_C_lag3,0.005674828597858945,11
15,sd,3,1988-12-25,2001-12-20,doy_sin,0.0037779479663819625,12
15,sd,4,2001-12-21,2014-12-16,sd_lag0,0.05204484809681803,1
15,sd,4,2001-12-21,2014-12-16,sd_lag1,0.04506699654998992,2
15,sd,4,2001-12-21,2014-12-16,doy_cos,0.03527978194968769,3
15,sd,4,2001-12-21,2014-12-16,sd_lag3,0.02639405287169848,4
15,sd,4,2001-12-21,2014-12-16,snowc_lag0,0.018263240193530282,5
15,sd,4,2001-12-21,2014-12-16,sd_lag7,0.01167523733466467,6
15,sd,4,2001-12-21,2014-12-16,t2m_C,0.010557322740113718,7
15,sd,4,2001-12-21,2014-12-16,snowc_lag1,0.009986616036797845,8
15,sd,4,2001-12-21,2014-12-16,t2m_C_lag1,0.009287514561923947,9
15,sd,4,2001-12-21,2014-12-16,t2m_C_lag3,0.006923470186262092,10
15,sd,4,2001-12-21,2014-12-16,t2m_C_lag7,0.006245808146302135,11
15,sd,4,2001-12-21,2014-12-16,doy_sin,0.003029604321017993,12
15,smlt_mm,0,1950-01-08,1963-01-02,doy_cos,1.2448004378130069,1
15,smlt_mm,0,1950-01-08,1963-01-02,sd_lag7,0.9272068257497014,2
15,smlt_mm,0,1950-01-08,1963-01-02,sd_lag1,0.5886067565150581,3
15,smlt_mm,0,1950-01-08,1963-01-02,sd_lag3,0.5137770035829888,4
15,smlt_mm,0,1950-01-08,1963-01-02,doy_sin,0.4443482545431773,5
15,smlt_mm,0,1950-01-08,1963-01-02,sd_lag0,0.41259071472190834,6
15,smlt_mm,0,1950-01-08,1963-01-02,t2m_C_lag7,0.16726332913339068,7
15,smlt_mm,0,1950-01-08,1963-01-02,t2m_C_lag3,0.10412465684793105,8
15,smlt_mm,0,1950-01-08,1963-01-02,t2m_C,0.10288960283041498,9
15,smlt_mm,0,1950-01-08,1963-01-02,t2m_C_lag1,0.08940253670719109,10
15,smlt_mm,1,1963-01-03,1975-12-29,doy_cos,1.3959905881321955,1
15,smlt_mm,1,1963-01-03,1975-12-29,sd_lag7,0.9710906223845873,2
15,smlt_mm,1,1963-01-03,1975-12-29,sd_lag1,0.592464002516416,3
15,smlt_mm,1,1963-01-03,1975-12-29,sd_lag3,0.5040439487890932,4
15,smlt_mm,1,1963-01-03,1975-12-29,sd_lag0,0.4993298641766073,5
15,smlt_mm,1,1963-01-03,1975-12-29,doy_sin,0.4958596351228138,6
15,smlt_mm,1,1963-01-03,1975-12-29,t2m_C_lag7,0.17017556801891684,7
15,smlt_mm,1,1963-01-03,1975-12-29,t2m_C_lag3,0.1381685605852278,8
15,smlt_mm,1,1963-01-03,1975-12-29,t2m_C_lag1,0.11210333190537397,9
15,smlt_mm,1,1963-01-03,1975-12-29,t2m_C,0.09732661075998882,10
15,smlt_mm,2,1975-12-30,1988-12-24,doy_cos,1.3231722372867596,1
15,smlt_mm,2,1975-12-30,1988-12-24,sd_lag7,0.9182198862842369,2
15,smlt_mm,2,1975-12-30,1988-12-24,sd_lag1,0.6619221060262286,3
15,smlt_mm,2,1975-12-30,1988-12-24,sd_lag3,0.510472689546826,4
15,smlt_mm,2,1975-12-30,1988-12-24,sd_lag0,0.4842783868663043,5
15,smlt_mm,2,1975-12-30,1988-12-24,doy_sin,0.4092505990237572,6
15,smlt_mm,2,1975-12-30,1988-12-24,t2m_C_lag7,0.23443552640695675,7
15,smlt_mm,2,1975-12-30,1988-12-24,t2m_C_lag3,0.12148780208049828,8
15,smlt_mm,2,1975-12-30,1988-12-24,t2m_C,0.11004608821244821,9
15,smlt_mm,2,1975-12-30,1988-12-24,t2m_C_lag1,0.08402131900263267,10
15,smlt_mm,3,1988-12-25,2001-12-20,doy_cos,1.35474445325609,1
15,smlt_mm,3,1988-12-25,2001-12-20,sd_lag7,0.8545384591645656,2
15,smlt_mm,3,1988-12-25,2001-12-20,sd_lag1,0.5702489529094638,3
15,smlt_mm,3,1988-12-25,2001-12-20,doy_sin,0.5384440467098642,4
15,smlt_mm,3,1988-12-25,2001-12-20,sd_lag0,0.45659264054862103,5
15,smlt_mm,3,1988-12-25,2001-12-20,sd_lag3,0.4514196764452959,6
15,smlt_mm,3,1988-12-25,2001-12-20,t2m_C_lag7,0.1110390700982624,7
15,smlt_mm,3,1988-12-25,2001-12-20,t2m_C_lag3,0.10360342100283458,8
15,smlt_mm,3,1988-12-25,2001-12-20,t2m_C,0.08793730665689513,9
15,smlt_mm,3,1988-12-25,2001-12-20,t2m_C_lag1,0.07813980694619303,10
15,smlt_mm,4,2001-12-21,2014-12-16,doy_cos,1.3372666517317127,1
15,smlt_mm,4,2001-12-21,2014-12-16,sd_lag7,0.88725374371777,2
15,smlt_mm,4,2001-12-21,2014-12-16,sd_lag1,0.6192651310408328,3
15,smlt_mm,4,2001-12-21,2014-12-16,sd_lag3,0.5184961014107392,4
15,smlt_mm,4,2001-12-21,2014-12-16,sd_lag0,0.4664302573232198,5
15,smlt_mm,4,2001-12-21,2014-12-16,doy_sin,0.4100894393958306,6
15,smlt_mm,4,2001-12-21,2014-12-16,t2m_C_lag1,0.12742201378144488,7
15,smlt_mm,4,2001-12-21,2014-12-16,t2m_C_lag3,0.10630693554788109,8
15,smlt_mm,4,2001-12-21,2014-12-16,t2m_C_lag7,0.10480061519947695,9
15,smlt_mm,4,2001-12-21,2014-12-16,t2m_C,0.08353769613936143,10
30,snowc,0,1950-01-08,1962-12-30,doy_cos,16.34771465605102,1
30,snowc,0,1950-01-08,1962-12-30,net_radiation_W,9.13975972080727,2
30,snowc,0,1950-01-08,1962-12-30,t2m_C,4.466298936772908,3
30,snowc,0,1950-01-08,1962-12-30,sd_lag0,4.290624351925106,4
30,snowc,0,1950-01-08,1962-12-30,t2m_C_lag1,4.238691828591854,5
30,snowc,0,1950-01-08,1962-12-30,t2m_C_lag3,3.7279586778293177,6
30,snowc,0,1950-01-08,1962-12-30,t2m_C_lag7,2.7657334035805556,7
30,snowc,0,1950-01-08,1962-12-30,sshf_W,2.1602320280953817,8
30,snowc,0,1950-01-08,1962-12-30,ssrd_W,1.8393644393758506,9
30,snowc,0,1950-01-08,1962-12-30,doy_sin,1.2682741499209123,10
30,snowc,0,1950-01-08,1962-12-30,e_mm,0.664391487464314,11
30,snowc,0,1950-01-08,1962-12-30,slhf_W,0.5782351485703208,12
30,snowc,1,1962-12-31,1975-12-23,doy_cos,16.365389044172023,1
30,snowc,1,1962-12-31,1975-12-23,net_radiation_W,8.08615615517176,2
30,snowc,1,1962-12-31,1975-12-23,t2m_C,4.86979819292519,3
30,snowc,1,1962-12-31,1975-12-23,t2m_C_lag1,4.694647785952528,4
30,snowc,1,1962-12-31,1975-12-23,sd_lag0,4.654439804939994,5
30,snowc,1,1962-12-31,1975-12-23,t2m_C_lag3,3.4520427995383542,6
30,snowc,1,1962-12-31,1975-12-23,t2m_C_lag7,3.1061024086762097,7
30,snowc,1,1962-12-31,1975-12-23,sshf_W,2.2710314176864808,8
30,snowc,1,1962-12-31,1975-12-23,ssrd_W,1.522452739297335,9
30,snowc,1,1962-12-31,1975-12-23,doy_sin,1.355961852110263,10
30,snowc,1,1962-12-31,1975-12-23,e_mm,0.6882411128063198,11
30,snowc,1,1962-12-31,1975-12-23,slhf_W,0.6128052559045944,12
30,snowc,2,1975-12-24,1988-12-15,doy_cos,16.245404462873772,1
30,snowc,2,1975-12-24,1988-12-15,net_radiation_W,9.402384290494211,2
30,snowc,2,1975-12-24,1988-12-15,t2m_C,4.596911011948421,3
30,snowc,2,1975-12-24,1988-12-15,sd_lag0,4.587878519251775,4
30,snowc,2,1975-12-24,1988-12-15,t2m_C_lag1,4.319466412179141,5
30,snowc,2,1975-12-24,1988-12-15,t2m_C_lag3,3.3924578466154367,6
30,snowc,2,1975-12-24,1988-12-15,t2m_C_lag7,2.8765403079751506,7
30,snowc,2,1975-12-24,1988-12-15,sshf_W,1.7598859396128332,8
30,snowc,2,1975-12-24,1988-12-15,doy_sin,1.527455823360492,9
30,snowc,2,1975-12-24,1988-12-15,ssrd_W,1.390023814020053,10
30,snowc,2,1975-12-24,1988-12-15,slhf_W,0.797321410204042,11
30,snowc,2,1975-12-24,1988-12-15,e_mm,0.7412402522673506,12
30,snowc,3,1988-12-16,2001-12-08,doy_cos,17.484822885668912,1
30,snowc,3,1988-12-16,2001-12-08,net_radiation_W,8.733895510878003,2
30,snowc,3,1988-12-16,2001-12-08,t2m_C_lag1,4.324094638862584,3
30,snowc,3,1988-12-16,2001-12-08,sd_lag0,4.144159635822297,4
30,snowc,3,1988-12-16,2001-12-08,t2m_C,4.059803012192394,5
30,snowc,3,1988-12-16,2001-12-08,t2m_C_lag3,2.8984884107632753,6
30,snowc,3,1988-12-16,2001-12-08,t2m_C_lag7,2.7861395148523567,7
30,snowc,3,1988-12-16,2001-12-08,sshf_W,2.155414275204517,8
30,snowc,3,1988-12-16,2001-12-08,ssrd_W,1.988957011318166,9
30,snowc,3,1988-12-16,2001-12-08,doy_sin,1.3435220179087848,10
30,snowc,3,1988-12-16,2001-12-08,e_mm,0.876498760304129,11
30,snowc,3,1988-12-16,2001-12-08,slhf_W,0.7090378936353773,12
30,snowc,4,2001-12-09,2014-12-01,doy_cos,17.033327126109725,1
30,snowc,4,2001-12-09,2014-12-01,net_radiation_W,9.141084728734372,2
30,snowc,4,2001-12-09,2014-12-01,t2m_C_lag1,4.582936445128835,3
30,snowc,4,2001-12-09,2014-12-01,t2m_C,4.415047279951052,4
30,snowc,4,2001-12-09,2014-12-01,sd_lag0,3.99078792076098,5
30,snowc,4,2001-12-09,2014-12-01,t2m_C_lag3,3.077360699478014,6
30,snowc,4,2001-12-09,2014-12-01,t2m_C_lag7,2.983312492218496,7
30,snowc,4,2001-12-09,2014-12-01,sshf_W,2.0326145689003443,8
30,snowc,4,2001-12-09,2014-12-01,ssrd_W,1.6481642937663918,9
30,snowc,4,2001-12-09,2014-12-01,doy_sin,1.3183820490375828,10
30,snowc,4,2001-12-09,2014-12-01,e_mm,0.7212941824082861,11
30,snowc,4,2001-12-09,2014-12-01,slhf_W,0.49456857640301133,12
30,sd,0,1950-01-08,1962-12-30,sd_lag0,0.07601266354322433,1
30,sd,0,1950-01-08,1962-12-30,doy_cos,0.05222579091787338,2
30,sd,0,1950-01-08,1962-12-30,t2m_C_lag7,0.038636960089206696,3
30,sd,0,1950-01-08,1962-12-30,t2m_C,0.030590642243623734,4
30,sd,0,1950-01-08,1962-12-30,t2m_C_lag3,0.026616672053933144,5
30,sd,0,1950-01-08,1962-12-30,t2m_C_lag1,0.010215609334409237,6
30,sd,0,1950-01-08,1962-12-30,net_radiation_W,0.009489978663623333,7
30,sd,0,1950-01-08,1962-12-30,sd_lag3,0.006296790204942226,8
30,sd,0,1950-01-08,1962-12-30,sd_lag1,0.005042292643338442,9
30,sd,0,1950-01-08,1962-12-30,doy_sin,0.004948488436639309,10
30,sd,0,1950-01-08,1962-12-30,sd_lag7,0.004813184961676598,11
30,sd,0,1950-01-08,1962-12-30,sshf_W,0.0016369486693292856,12
30,sd,1,1962-12-31,1975-12-23,sd_lag0,0.08107495307922363,1
30,sd,1,1962-12-31,1975-12-23,doy_cos,0.05532784014940262,2
30,sd,1,1962-12-31,1975-12-23,t2m_C_lag7,0.04553423821926117,3
30,sd,1,1962-12-31,1975-12-23,t2m_C_lag3,0.021957578137516975,4
30,sd,1,1962-12-31,1975-12-23,net_radiation_W,0.020950285717844963,5
30,sd,1,1962-12-31,1975-12-23,t2m_C,0.016360700130462646,6
30,sd,1,1962-12-31,1975-12-23,t2m_C_lag1,0.006854538340121508,7
30,sd,1,1962-12-31,1975-12-23,sd_lag7,0.006461554206907749,8
30,sd,1,1962-12-31,1975-12-23,sd_lag1,0.00625127786770463,9
30,sd,1,1962-12-31,1975-12-23,sd_lag3,0.0049857269041240215,10
30,sd,1,1962-12-31,1975-12-23,doy_sin,0.0047683510929346085,11
30,sd,1,1962-12-31,1975-12-23,sshf_W,0.0005405085394158959,12
30,sd,2,1975-12-24,1988-12-15,sd_lag0,0.08033312112092972,1
30,sd,2,1975-12-24,1988-12-15,doy_cos,0.05292509123682976,2
30,sd,2,1975-12-24,1988-12-15,t2m_C_lag7,0.044359903782606125,3
30,sd,2,1975-12-24,1988-12-15,t2m_C_lag3,0.02324066497385502,4
30,sd,2,1975-12-24,1988-12-15,net_radiation_W,0.019082196056842804,5
30,sd,2,1975-12-24,1988-12-15,t2m_C,0.018242647871375084,6
30,sd,2,1975-12-24,1988-12-15,t2m_C_lag1,0.008833369240164757,7
30,sd,2,1975-12-24,1988-12-15,sd_lag7,0.005932500585913658,8
30,sd,2,1975-12-24,1988-12-15,sd_lag3,0.004544501192867756,9
30,sd,2,1975-12-24,1988-12-15,sd_lag1,0.003834980307146907,10
30,sd,2,1975-12-24,1988-12-15,doy_sin,0.0034578246995806694,11
30,sd,2,1975-12-24,1988-12-15,sshf_W,0.0008675701101310551,12
30,sd,3,1988-12-16,2001-12-08,sd_lag0,0.07618805766105652,1
30,sd,3,1988-12-16,2001-12-08,doy_cos,0.05635692551732063,2
30,sd,3,1988-12-16,2001-12-08,t2m_C_lag7,0.044075433164834976,3
30,sd,3,1988-12-16,2001-12-08,t2m_C_lag3,0.024665089324116707,4
30,sd,3,1988-12-16,2001-12-08,t2m_C,0.019205564633011818,5
30,sd,3,1988-12-16,2001-12-08,net_radiation_W,0.015916477888822556,6
30,sd,3,1988-12-16,2001-12-08,t2m_C_lag1,0.007579155266284943,7
30,sd,3,1988-12-16,2001-12-08,doy_sin,0.006189481355249882,8
30,sd,3,1988-12-16,2001-12-08,sd_lag3,0.00520744314417243,9
30,sd,3,1988-12-16,2001-12-08,sd_lag1,0.003977860789746046,10
30,sd,3,1988-12-16,2001-12-08,sd_lag7,0.003641113406047225,11
30,sd,3,1988-12-16,2001-12-08,sshf_W,0.0009760596440173686,12
30,sd,4,2001-12-09,2014-12-01,sd_lag0,0.07401503622531891,1
30,sd,4,2001-12-09,2014-12-01,doy_cos,0.05372106656432152,2
30,sd,4,2001-12-09,2014-12-01,t2m_C_lag7,0.03910551220178604,3
30,sd,4,2001-12-09,2014-12-01,t2m_C_lag3,0.022044053301215172,4
30,sd,4,2001-12-09,2014-12-01,t2m_C,0.020660817623138428,5
30,sd,4,2001-12-09,2014-12-01,net_radiation_W,0.01772068627178669,6
30,sd,4,2001-12-09,2014-12-01,t2m_C_lag1,0.010946519672870636,7
30,sd,4,2001-12-09,2014-12-01,sd_lag7,0.007475538179278374,8
30,sd,4,2001-12-09,2014-12-01,sd_lag3,0.004895695950835943,9
30,sd,4,2001-12-09,2014-12-01,doy_sin,0.004630854818969965,10
30,sd,4,2001-12-09,2014-12-01,sd_lag1,0.003676845459267497,11
30,sd,4,2001-12-09,2014-12-01,sshf_W,0.0020356664899736643,12
30,smlt_mm,0,1950-01-08,1962-12-30,doy_sin,2.1054680347442627,1
30,smlt_mm,0,1950-01-08,1962-12-30,sd_lag0,0.7226911783218384,2
30,smlt_mm,0,1950-01-08,1962-12-30,doy_cos,0.42125555872917175,3
30,smlt_mm,0,1950-01-08,1962-12-30,sd_lag7,0.22078415751457214,4
30,smlt_mm,0,1950-01-08,1962-12-30,sd_lag1,0.20695611834526062,5
30,smlt_mm,0,1950-01-08,1962-12-30,sd_lag3,0.17071831226348877,6
30,smlt_mm,1,1962-12-31,1975-12-23,doy_sin,1.9972153902053833,1
30,smlt_mm,1,1962-12-31,1975-12-23,sd_lag0,0.7505441904067993,2
30,smlt_mm,1,1962-12-31,1975-12-23,doy_cos,0.46280211210250854,3
30,smlt_mm,1,1962-12-31,1975-12-23,sd_lag7,0.39201223850250244,4
30,smlt_mm,1,1962-12-31,1975-12-23,sd_lag1,0.24072740972042084,5
30,smlt_mm,1,1962-12-31,1975-12-23,sd_lag3,0.23118798434734344,6
30,smlt_mm,2,1975-12-24,1988-12-15,doy_sin,1.8827499151229858,1
30,smlt_mm,2,1975-12-24,1988-12-15,sd_lag0,0.6699807643890381,2
30,smlt_mm,2,1975-12-24,1988-12-15,doy_cos,0.45327743887901306,3
30,smlt_mm,2,1975-12-24,1988-12-15,sd_lag3,0.2279518097639084,4
30,smlt_mm,2,1975-12-24,1988-12-15,sd_lag7,0.2212003618478775,5
30,smlt_mm,2,1975-12-24,1988-12-15,sd_lag1,0.21455539762973785,6
30,smlt_mm,3,1988-12-16,2001-12-08,doy_sin,2.095917224884033,1
30,smlt_mm,3,1988-12-16,2001-12-08,sd_lag0,0.5842291712760925,2
30,smlt_mm,3,1988-12-16,2001-12-08,sd_lag7,0.45418673753738403,3
30,smlt_mm,3,1988-12-16,2001-12-08,doy_cos,0.3970147967338562,4
30,smlt_mm,3,1988-12-16,2001-12-08,sd_lag3,0.14114078879356384,5
30,smlt_mm,3,1988-12-16,2001-12-08,sd_lag1,0.09500500559806824,6
30,smlt_mm,4,2001-12-09,2014-12-01,doy_sin,2.0971310138702393,1
30,smlt_mm,4,2001-12-09,2014-12-01,sd_lag0,0.7274184226989746,2
30,smlt_mm,4,2001-12-09,2014-12-01,doy_cos,0.4075424075126648,3
30,smlt_mm,4,2001-12-09,2014-12-01,sd_lag7,0.19834452867507935,4
30,smlt_mm,4,2001-12-09,2014-12-01,sd_lag3,0.15266074240207672,5
30,smlt_mm,4,2001-12-09,2014-12-01,sd_lag1,0.12366414815187454,6
