horizon_days,target,target_col,method,configuration,n_evaluated,RMSE,MAE,R2,NSE,KGE
1,snowc,snowc_h1,Lagged linear regression,"lags [0, 1, 2, 3, 5, 7, 14, 30]",4018,4.976384040977973,1.1366432029130005,0.9896247334424768,0.9896247334424768,0.9930416098974805
1,snowc,snowc_h1,Seasonal AR with annual harmonics,"lags [0, 1, 2, 3, 5, 7, 14, 30], 2 harmonics",4018,4.891336726854283,1.344355238715165,0.9899763335022317,0.9899763335022317,0.9922826838707297
1,snowc,snowc_h1,Exponential smoothing,alpha=0.95,4018,5.404716120336694,0.9277740938259278,0.9877618080224074,0.9877618080224074,0.9938714336625052
1,snowc,snowc_h1,"SARIMAX(3, 0, 1) with Fourier seasonality","2 Fourier pairs, iterated",4018,4.891031017757253,1.3379431242109538,0.9899775864236495,0.9899775864236495,0.9929785295836131
1,sd,sd_h1,Lagged linear regression,"lags [0, 1, 2, 3, 5, 7, 14, 30]",4018,0.0046960970090713676,0.0022408070843380145,0.9994703034358459,0.9994703034358459,0.9993968930000565
1,sd,sd_h1,Seasonal AR with annual harmonics,"lags [0, 1, 2, 3, 5, 7, 14, 30], 2 harmonics",4018,0.004656231591096605,0.002252447318597038,0.9994792585085472,0.9994792585085472,0.9987096244611628
1,sd,sd_h1,Exponential smoothing,alpha=0.95,4018,0.008002295567122144,0.0034389059110246775,0.9984619083560946,0.9984619083560946,0.9992122518153456
1,sd,sd_h1,"SARIMAX(3, 0, 1) with Fourier seasonality","2 Fourier pairs, iterated",4018,0.004757328243067472,0.0024560315877437343,0.9994564002207115,0.9994564002207115,0.9990209098169964
1,smlt_mm,smlt_mm_h1,Lagged linear regression,"lags [0, 1, 2, 3, 5, 7, 14, 30]",4018,1.3867372791620212,0.5125259283646049,0.924925801813682,0.924925801813682,0.9481015515780319
1,smlt_mm,smlt_mm_h1,Seasonal AR with annual harmonics,"lags [0, 1, 2, 3, 5, 7, 14, 30], 2 harmonics",4018,1.3753214994994416,0.5531442607133448,0.9261567529551362,0.9261567529551362,0.9486960834254429
1,smlt_mm,smlt_mm_h1,Exponential smoothing,alpha=0.95,4018,1.4020069917123603,0.4495071035700979,0.9232633775313078,0.9232633775313078,0.9615117843895808
1,smlt_mm,smlt_mm_h1,"SARIMAX(3, 0, 1) with Fourier seasonality","2 Fourier pairs, iterated",4018,1.3747013833116126,0.5576430603765379,0.9262233280351775,0.9262233280351775,0.9438203496982632
1,smlt_mm,smlt_mm_h1,"Degree-day, climatological target-date T","Tb=-5.0 C, DDF=0.86 mm/C/day, issue-day snow gate",4018,4.073546916045029,1.7377481437063138,0.35218982330132576,0.35218982330132576,0.37302026060249505
1,smlt_mm,smlt_mm_h1,"Degree-day, observed target-date T (oracle)","Tb=-5.0 C, DDF=0.88 mm/C/day, target-day snow gate",4018,3.92112624424633,1.8146147536067099,0.3997613299322048,0.3997613299322048,0.4946182196319614
7,snowc,snowc_h7,Lagged linear regression,"lags [0, 1, 2, 3, 5, 7, 14, 30]",4018,16.689600693910883,7.436795040453583,0.8833020093704651,0.8833020093704651,0.9081592711936309
7,snowc,snowc_h7,Seasonal AR with annual harmonics,"lags [0, 1, 2, 3, 5, 7, 14, 30], 2 harmonics",4018,14.83940704869176,8.001108248044497,0.9077418840193308,0.9077418840193308,0.9203055683213373
7,snowc,snowc_h7,Exponential smoothing,alpha=0.95,4018,17.075501779711942,4.487893012642721,0.8778429783947771,0.8778429783947771,0.9389020738951661
7,snowc,snowc_h7,"SARIMAX(3, 0, 1) with Fourier seasonality","2 Fourier pairs, iterated",4018,15.048899118548865,8.061631342616403,0.9051186298180257,0.9051186298180257,0.925980446208389
7,sd,sd_h7,Lagged linear regression,"lags [0, 1, 2, 3, 5, 7, 14, 30]",4018,0.028807171439615736,0.018761667698551008,0.9800678443022788,0.9800678443022788,0.9856005181788199
7,sd,sd_h7,Seasonal AR with annual harmonics,"lags [0, 1, 2, 3, 5, 7, 14, 30], 2 harmonics",4018,0.027242869482605615,0.017099090642356155,0.9821738015918587,0.9821738015918587,0.9810257114643384
7,sd,sd_h7,Exponential smoothing,alpha=0.95,4018,0.043727667976702085,0.02175622645217261,0.9540732546205939,0.9540732546205939,0.9770274706471906
7,sd,sd_h7,"SARIMAX(3, 0, 1) with Fourier seasonality","2 Fourier pairs, iterated",4018,0.0300759677994641,0.021038507210228555,0.9782733754848513,0.9782733754848513,0.9850625199200129
7,smlt_mm,smlt_mm_h7,Lagged linear regression,"lags [0, 1, 2, 3, 5, 7, 14, 30]",4018,3.3074307715540083,1.588065512588614,0.5729449651487799,0.5729449651487799,0.6608821450911064
7,smlt_mm,smlt_mm_h7,Seasonal AR with annual harmonics,"lags [0, 1, 2, 3, 5, 7, 14, 30], 2 harmonics",4018,3.1239180375187448,1.7084245162109617,0.6190205218440362,0.6190205218440362,0.7087682819718617
7,smlt_mm,smlt_mm_h7,Exponential smoothing,alpha=0.95,4018,3.5477652711112873,1.179560936998489,0.5086261082042127,0.5086261082042127,0.7538347212378912
7,smlt_mm,smlt_mm_h7,"SARIMAX(3, 0, 1) with Fourier seasonality","2 Fourier pairs, iterated",4018,3.1037480967339173,1.6935810136641183,0.6239243163900638,0.6239243163900638,0.6890151113085274
7,smlt_mm,smlt_mm_h7,"Degree-day, climatological target-date T","Tb=-7.0 C, DDF=0.61 mm/C/day, issue-day snow gate",4018,4.228191914338543,1.884438507736504,0.30207026144483906,0.30207026144483906,0.3255479142752672
7,smlt_mm,smlt_mm_h7,"Degree-day, observed target-date T (oracle)","Tb=-5.0 C, DDF=0.88 mm/C/day, target-day snow gate",4018,3.92112624424633,1.8146147536067099,0.3997613299322048,0.3997613299322048,0.4946182196319614
15,snowc,snowc_h15,Lagged linear regression,"lags [0, 1, 2, 3, 5, 7, 14, 30]",4018,24.83051537886259,14.32141648252207,0.7416889685575712,0.7416889685575712,0.7954228363276046
15,snowc,snowc_h15,Seasonal AR with annual harmonics,"lags [0, 1, 2, 3, 5, 7, 14, 30], 2 harmonics",4018,19.257393896951456,12.731374146536325,0.8446302333950918,0.8446302333950918,0.8623167306196261
15,snowc,snowc_h15,Exponential smoothing,alpha=0.95,4018,26.235291314459378,8.611154371530466,0.7116345215261606,0.7116345215261606,0.8557728493227096
15,snowc,snowc_h15,"SARIMAX(3, 0, 1) with Fourier seasonality","2 Fourier pairs, iterated",4018,19.86845952896485,13.100863756658145,0.8346135679629012,0.8346135679629012,0.8735588111094434
15,sd,sd_h15,Lagged linear regression,"lags [0, 1, 2, 3, 5, 7, 14, 30]",4018,0.05831960711100858,0.0408570894290315,0.9183074945826272,0.9183074945826272,0.94304892435637
15,sd,sd_h15,Seasonal AR with annual harmonics,"lags [0, 1, 2, 3, 5, 7, 14, 30], 2 harmonics",4018,0.05162581079871215,0.03383441992167365,0.9359842545147121,0.9359842545147121,0.9458057748654255
15,sd,sd_h15,Exponential smoothing,alpha=0.95,4018,0.08517485858845386,0.04469466994367344,0.8257487593597728,0.8257487593597728,0.9128656175111436
15,sd,sd_h15,"SARIMAX(3, 0, 1) with Fourier seasonality","2 Fourier pairs, iterated",4018,0.05879826289286136,0.041260916622210854,0.9169610158099274,0.9169610158099274,0.9521990785223322
15,smlt_mm,smlt_mm_h15,Lagged linear regression,"lags [0, 1, 2, 3, 5, 7, 14, 30]",4018,4.2141903262868645,2.4144344997834977,0.30668497372410464,0.30668497372410464,0.35660226073246026
15,smlt_mm,smlt_mm_h15,Seasonal AR with annual harmonics,"lags [0, 1, 2, 3, 5, 7, 14, 30], 2 harmonics",4018,3.726493472926517,2.36037485654959,0.45787048649601336,0.45787048649601336,0.5584027418668107
15,smlt_mm,smlt_mm_h15,Exponential smoothing,alpha=0.85,4018,4.9049924337798565,1.782433683837155,0.06075475582938883,0.06075475582938883,0.5275886288597533
15,smlt_mm,smlt_mm_h15,"SARIMAX(3, 0, 1) with Fourier seasonality","2 Fourier pairs, iterated",4018,3.696766682421545,2.3334083488052206,0.4664852830315861,0.4664852830315861,0.5218238914795374
15,smlt_mm,smlt_mm_h15,"Degree-day, climatological target-date T","Tb=-9.0 C, DDF=0.44 mm/C/day, issue-day snow gate",4018,4.418820207111251,2.087805570309373,0.23771919518107265,0.23771919518107265,0.2597272173288535
15,smlt_mm,smlt_mm_h15,"Degree-day, observed target-date T (oracle)","Tb=-5.0 C, DDF=0.88 mm/C/day, target-day snow gate",4018,3.92112624424633,1.8146147536067099,0.3997613299322048,0.3997613299322048,0.4946182196319614
30,snowc,snowc_h30,Lagged linear regression,"lags [0, 1, 2, 3, 5, 7, 14, 30]",4018,34.13119810846532,25.28592485976711,0.5119384968370684,0.5119384968370684,0.5942558599754388
30,snowc,snowc_h30,Seasonal AR with annual harmonics,"lags [0, 1, 2, 3, 5, 7, 14, 30], 2 harmonics",4018,21.02368401996018,14.999677271367247,0.8148221117382826,0.8148221117382826,0.822104773652682
30,snowc,snowc_h30,Exponential smoothing,alpha=0.95,4018,38.25848050120127,16.51440736014624,0.38676501891503057,0.38676501891503057,0.693384840643811
30,snowc,snowc_h30,"SARIMAX(3, 0, 1) with Fourier seasonality","2 Fourier pairs, iterated",4018,22.286010224753753,16.575192947164176,0.7919172222054722,0.7919172222054722,0.8392843484110406
30,sd,sd_h30,Lagged linear regression,"lags [0, 1, 2, 3, 5, 7, 14, 30]",4018,0.1134026936437997,0.08356467164139507,0.6911128957039012,0.6911128957039012,0.781259532076751
30,sd,sd_h30,Seasonal AR with annual harmonics,"lags [0, 1, 2, 3, 5, 7, 14, 30], 2 harmonics",4018,0.08879911805508311,0.06038321087478258,0.8106042011435082,0.8106042011435082,0.8662669932802886
30,sd,sd_h30,Exponential smoothing,alpha=0.95,4018,0.15158024625251426,0.08585880702710466,0.44812813604607926,0.44812813604607926,0.7240288350746414
30,sd,sd_h30,"SARIMAX(3, 0, 1) with Fourier seasonality","2 Fourier pairs, iterated",4018,0.09848406166237704,0.06976139971408915,0.7670380787713074,0.7670380787713074,0.8763886253379682
30,smlt_mm,smlt_mm_h30,Lagged linear regression,"lags [0, 1, 2, 3, 5, 7, 14, 30]",4018,4.980261007941265,3.0553576415370753,0.03170758635263826,0.03170758635263826,-0.10598548638133543
30,smlt_mm,smlt_mm_h30,Seasonal AR with annual harmonics,"lags [0, 1, 2, 3, 5, 7, 14, 30], 2 harmonics",4018,3.9503321835804557,2.6086147078947683,0.3907864487848808,0.3907864487848808,0.4977364106541402
30,smlt_mm,smlt_mm_h30,Exponential smoothing,alpha=0.05,4018,6.301018509918776,3.1758943224196243,-0.549971925586501,-0.549971925586501,-0.07942717309837466
30,smlt_mm,smlt_mm_h30,"SARIMAX(3, 0, 1) with Fourier seasonality","2 Fourier pairs, iterated",4018,3.922484480264017,2.5480732145179457,0.3993454254548897,0.3993454254548897,0.46238193281212314
30,smlt_mm,smlt_mm_h30,"Degree-day, climatological target-date T","Tb=-13.5 C, DDF=0.25 mm/C/day, issue-day snow gate",4018,4.674327323877379,2.429776078203597,0.14701663207228743,0.14701663207228743,0.1378220287929851
30,smlt_mm,smlt_mm_h30,"Degree-day, observed target-date T (oracle)","Tb=-5.0 C, DDF=0.88 mm/C/day, target-day snow gate",4018,3.92112624424633,1.8146147536067099,0.3997613299322048,0.3997613299322048,0.4946182196319614
