horizon_days,target,method,RMSE,MAE,R2,NSE,KGE,family,configuration
1,snowc,CryoSENSE-HK,4.439030601986828,0.7338052190025838,0.9917444166982415,0.9917444166982415,0.9946096560088065,CryoSENSE-HK,Random Forest
1,snowc,Persistence (issue-day t),5.308060151058535,0.8926525784481633,0.9881956206618884,0.9881956206618884,0.9940978103309446,Minimal baseline,
1,snowc,Training target-DOY climatology,18.158031047967448,7.460911345652855,0.8618633261161475,0.8618633261161475,0.8711860352966729,Minimal baseline,
1,sd,CryoSENSE-HK,0.005002775291375087,0.002374651179385264,0.9993988608278713,0.9993988608278713,0.9970792212340034,CryoSENSE-HK,Random Forest
1,sd,Persistence (issue-day t),0.007690324479777995,0.0032774420758787857,0.9985794963125099,0.9985794963125099,0.9992730319135313,Minimal baseline,
1,sd,Training target-DOY climatology,0.12009409579275354,0.06595136754741661,0.6535852706023058,0.6535852706023058,0.6941536185948982,Minimal baseline,
1,smlt_mm,CryoSENSE-HK,1.1050713828579852,0.3695051404251263,0.952325846981566,0.952325846981566,0.9459621857188473,CryoSENSE-HK,Extra Trees
1,smlt_mm,Persistence (issue-day t),1.4023706328892414,0.4468263210237682,0.9232235657262271,0.9232235657262271,0.9616117828631132,Minimal baseline,
1,smlt_mm,Training target-DOY climatology,3.8760381128147854,1.576429213316374,0.41348597896163497,0.41348597896163497,0.610036851327026,Minimal baseline,
7,snowc,CryoSENSE-HK,10.287511429116961,3.296991865327882,0.9556603615640074,0.9556603615640074,0.9597651084095876,CryoSENSE-HK,Extra Trees
7,snowc,Persistence (issue-day t),17.049553799560755,4.469070244303793,0.8782139566124677,0.8782139566124677,0.9391069783062339,Minimal baseline,
7,snowc,Training target-DOY climatology,18.158030254728526,7.460934299328838,0.8618633381852295,0.8618633381852295,0.8711861258682168,Minimal baseline,
7,sd,CryoSENSE-HK,0.02379011651596806,0.013265856998217708,0.9864060341486355,0.9864060341486355,0.9780188671329108,CryoSENSE-HK,Extra Trees
7,sd,Persistence (issue-day t),0.04346077768133106,0.02160637453174842,0.9546321683194282,0.9546321683194282,0.9773078219763212,Minimal baseline,
7,sd,Training target-DOY climatology,0.12008767406205957,0.06594501278766234,0.6536223169301699,0.6536223169301699,0.6943000245654739,Minimal baseline,
7,smlt_mm,CryoSENSE-HK,2.0304901800662267,0.7514983011468281,0.8390451350240767,0.8390451350240767,0.7866666047332568,CryoSENSE-HK,XGBoost
7,smlt_mm,Persistence (issue-day t),3.5524783483752302,1.1804378504978266,0.5073196962949029,0.5073196962949029,0.7536598481474514,Minimal baseline,
7,smlt_mm,Training target-DOY climatology,3.876038059339964,1.5764306591969912,0.4134859951450325,0.4134859951450325,0.6100363506942341,Minimal baseline,
15,snowc,CryoSENSE-HK,12.314860038455782,4.4444134561490225,0.9364624526110268,0.9364624526110268,0.9414480467195321,CryoSENSE-HK,Extra Trees
15,snowc,Persistence (issue-day t),26.210344820567627,8.585954183025713,0.7121826600927372,0.7121826600927372,0.8560913300463691,Minimal baseline,
15,snowc,Training target-DOY climatology,18.158029864974914,7.460956221704907,0.861863344115307,0.861863344115307,0.8711861923390163,Minimal baseline,
15,sd,CryoSENSE-HK,0.03834697338929296,0.021577921880039295,0.9646804452033377,0.9646804452033377,0.9506633972624063,CryoSENSE-HK,Extra Trees
15,sd,Persistence (issue-day t),0.08492663627548393,0.0445500946438334,0.82676290886902,0.82676290886902,0.913376035312202,Minimal baseline,
15,sd,Training target-DOY climatology,0.12007909942374215,0.06593001436678768,0.6536717800801695,0.6536717800801695,0.6945447887976786,Minimal baseline,
15,smlt_mm,CryoSENSE-HK,2.2412274990620933,0.7942005224083204,0.8039015296261889,0.8039015296261889,0.7301009481751017,CryoSENSE-HK,Extra Trees
15,smlt_mm,Persistence (issue-day t),4.905150172943242,1.7738127399867318,0.060694344669416034,0.060694344669416034,0.5303471723347079,Minimal baseline,
15,smlt_mm,Training target-DOY climatology,3.876038061575095,1.5764321035861326,0.41348599446860157,0.41348599446860157,0.6100359431791764,Minimal baseline,
30,snowc,CryoSENSE-HK,12.892803091319015,5.073852554629923,0.9303588096663171,0.9303588096663171,0.9260219889411777,CryoSENSE-HK,Extra Trees
30,snowc,Persistence (issue-day t),38.240479912886904,16.487155498157342,0.38734193642274983,0.38734193642274983,0.6937661543010969,Minimal baseline,
30,snowc,Training target-DOY climatology,18.1580298659658,7.460958952216045,0.8618633441002307,0.8618633441002307,0.8711861989090532,Minimal baseline,
30,sd,CryoSENSE-HK,0.061243669039281017,0.033662762206491954,0.9099102382734571,0.9099102382734571,0.9052978732450527,CryoSENSE-HK,XGBoost
30,sd,Persistence (issue-day t),0.15138469602435967,0.08572397964212762,0.4495511322459731,0.4495511322459731,0.7247510356162459,Minimal baseline,
30,sd,Training target-DOY climatology,0.1200604052452885,0.06589877777850542,0.653779605965098,0.653779605965098,0.695164652742424,Minimal baseline,
30,smlt_mm,CryoSENSE-HK,2.636796804483949,0.977342813439055,0.7285713738343147,0.7285713738343147,0.7804798217128364,CryoSENSE-HK,XGBoost
30,smlt_mm,Persistence (issue-day t),6.726761413230974,2.7929096913760514,-0.766502960715814,-0.766502960715814,0.11679723677508769,Minimal baseline,
30,smlt_mm,Training target-DOY climatology,3.876038062639891,1.5764334484283955,0.41348599414635623,0.41348599414635623,0.6100356153381843,Minimal baseline,
1,snowc,Lagged linear regression,4.976384040977973,1.1366432029130005,0.9896247334424768,0.9896247334424768,0.9930416098974805,Classical baseline,"lags [0, 1, 2, 3, 5, 7, 14, 30]"
1,snowc,Seasonal AR with annual harmonics,4.891336726854283,1.344355238715165,0.9899763335022317,0.9899763335022317,0.9922826838707297,Classical baseline,"lags [0, 1, 2, 3, 5, 7, 14, 30], 2 harmonics"
1,snowc,Exponential smoothing,5.404716120336694,0.9277740938259278,0.9877618080224074,0.9877618080224074,0.9938714336625052,Classical baseline,alpha=0.95
1,snowc,"SARIMAX(3, 0, 1) with Fourier seasonality",4.891031017757253,1.3379431242109538,0.9899775864236495,0.9899775864236495,0.9929785295836131,Classical baseline,"2 Fourier pairs, iterated"
1,sd,Lagged linear regression,0.0046960970090713676,0.0022408070843380145,0.9994703034358459,0.9994703034358459,0.9993968930000565,Classical baseline,"lags [0, 1, 2, 3, 5, 7, 14, 30]"
1,sd,Seasonal AR with annual harmonics,0.004656231591096605,0.002252447318597038,0.9994792585085472,0.9994792585085472,0.9987096244611628,Classical baseline,"lags [0, 1, 2, 3, 5, 7, 14, 30], 2 harmonics"
1,sd,Exponential smoothing,0.008002295567122144,0.0034389059110246775,0.9984619083560946,0.9984619083560946,0.9992122518153456,Classical baseline,alpha=0.95
1,sd,"SARIMAX(3, 0, 1) with Fourier seasonality",0.004757328243067472,0.0024560315877437343,0.9994564002207115,0.9994564002207115,0.9990209098169964,Classical baseline,"2 Fourier pairs, iterated"
1,smlt_mm,Lagged linear regression,1.3867372791620212,0.5125259283646049,0.924925801813682,0.924925801813682,0.9481015515780319,Classical baseline,"lags [0, 1, 2, 3, 5, 7, 14, 30]"
1,smlt_mm,Seasonal AR with annual harmonics,1.3753214994994416,0.5531442607133448,0.9261567529551362,0.9261567529551362,0.9486960834254429,Classical baseline,"lags [0, 1, 2, 3, 5, 7, 14, 30], 2 harmonics"
1,smlt_mm,Exponential smoothing,1.4020069917123603,0.4495071035700979,0.9232633775313078,0.9232633775313078,0.9615117843895808,Classical baseline,alpha=0.95
1,smlt_mm,"SARIMAX(3, 0, 1) with Fourier seasonality",1.3747013833116126,0.5576430603765379,0.9262233280351775,0.9262233280351775,0.9438203496982632,Classical baseline,"2 Fourier pairs, iterated"
1,smlt_mm,"Degree-day, climatological target-date T",4.073546916045029,1.7377481437063138,0.35218982330132576,0.35218982330132576,0.37302026060249505,Classical baseline,"Tb=-5.0 C, DDF=0.86 mm/C/day, issue-day snow gate"
1,smlt_mm,"Degree-day, observed target-date T (oracle)",3.92112624424633,1.8146147536067099,0.3997613299322048,0.3997613299322048,0.4946182196319614,Classical baseline,"Tb=-5.0 C, DDF=0.88 mm/C/day, target-day snow gate"
7,snowc,Lagged linear regression,16.689600693910883,7.436795040453583,0.8833020093704651,0.8833020093704651,0.9081592711936309,Classical baseline,"lags [0, 1, 2, 3, 5, 7, 14, 30]"
7,snowc,Seasonal AR with annual harmonics,14.83940704869176,8.001108248044497,0.9077418840193308,0.9077418840193308,0.9203055683213373,Classical baseline,"lags [0, 1, 2, 3, 5, 7, 14, 30], 2 harmonics"
7,snowc,Exponential smoothing,17.075501779711942,4.487893012642721,0.8778429783947771,0.8778429783947771,0.9389020738951661,Classical baseline,alpha=0.95
7,snowc,"SARIMAX(3, 0, 1) with Fourier seasonality",15.048899118548865,8.061631342616403,0.9051186298180257,0.9051186298180257,0.925980446208389,Classical baseline,"2 Fourier pairs, iterated"
7,sd,Lagged linear regression,0.028807171439615736,0.018761667698551008,0.9800678443022788,0.9800678443022788,0.9856005181788199,Classical baseline,"lags [0, 1, 2, 3, 5, 7, 14, 30]"
7,sd,Seasonal AR with annual harmonics,0.027242869482605615,0.017099090642356155,0.9821738015918587,0.9821738015918587,0.9810257114643384,Classical baseline,"lags [0, 1, 2, 3, 5, 7, 14, 30], 2 harmonics"
7,sd,Exponential smoothing,0.043727667976702085,0.02175622645217261,0.9540732546205939,0.9540732546205939,0.9770274706471906,Classical baseline,alpha=0.95
7,sd,"SARIMAX(3, 0, 1) with Fourier seasonality",0.0300759677994641,0.021038507210228555,0.9782733754848513,0.9782733754848513,0.9850625199200129,Classical baseline,"2 Fourier pairs, iterated"
7,smlt_mm,Lagged linear regression,3.3074307715540083,1.588065512588614,0.5729449651487799,0.5729449651487799,0.6608821450911064,Classical baseline,"lags [0, 1, 2, 3, 5, 7, 14, 30]"
7,smlt_mm,Seasonal AR with annual harmonics,3.1239180375187448,1.7084245162109617,0.6190205218440362,0.6190205218440362,0.7087682819718617,Classical baseline,"lags [0, 1, 2, 3, 5, 7, 14, 30], 2 harmonics"
7,smlt_mm,Exponential smoothing,3.5477652711112873,1.179560936998489,0.5086261082042127,0.5086261082042127,0.7538347212378912,Classical baseline,alpha=0.95
7,smlt_mm,"SARIMAX(3, 0, 1) with Fourier seasonality",3.1037480967339173,1.6935810136641183,0.6239243163900638,0.6239243163900638,0.6890151113085274,Classical baseline,"2 Fourier pairs, iterated"
7,smlt_mm,"Degree-day, climatological target-date T",4.228191914338543,1.884438507736504,0.30207026144483906,0.30207026144483906,0.3255479142752672,Classical baseline,"Tb=-7.0 C, DDF=0.61 mm/C/day, issue-day snow gate"
7,smlt_mm,"Degree-day, observed target-date T (oracle)",3.92112624424633,1.8146147536067099,0.3997613299322048,0.3997613299322048,0.4946182196319614,Classical baseline,"Tb=-5.0 C, DDF=0.88 mm/C/day, target-day snow gate"
15,snowc,Lagged linear regression,24.83051537886259,14.32141648252207,0.7416889685575712,0.7416889685575712,0.7954228363276046,Classical baseline,"lags [0, 1, 2, 3, 5, 7, 14, 30]"
15,snowc,Seasonal AR with annual harmonics,19.257393896951456,12.731374146536325,0.8446302333950918,0.8446302333950918,0.8623167306196261,Classical baseline,"lags [0, 1, 2, 3, 5, 7, 14, 30], 2 harmonics"
15,snowc,Exponential smoothing,26.235291314459378,8.611154371530466,0.7116345215261606,0.7116345215261606,0.8557728493227096,Classical baseline,alpha=0.95
15,snowc,"SARIMAX(3, 0, 1) with Fourier seasonality",19.86845952896485,13.100863756658145,0.8346135679629012,0.8346135679629012,0.8735588111094434,Classical baseline,"2 Fourier pairs, iterated"
15,sd,Lagged linear regression,0.05831960711100858,0.0408570894290315,0.9183074945826272,0.9183074945826272,0.94304892435637,Classical baseline,"lags [0, 1, 2, 3, 5, 7, 14, 30]"
15,sd,Seasonal AR with annual harmonics,0.05162581079871215,0.03383441992167365,0.9359842545147121,0.9359842545147121,0.9458057748654255,Classical baseline,"lags [0, 1, 2, 3, 5, 7, 14, 30], 2 harmonics"
15,sd,Exponential smoothing,0.08517485858845386,0.04469466994367344,0.8257487593597728,0.8257487593597728,0.9128656175111436,Classical baseline,alpha=0.95
15,sd,"SARIMAX(3, 0, 1) with Fourier seasonality",0.05879826289286136,0.041260916622210854,0.9169610158099274,0.9169610158099274,0.9521990785223322,Classical baseline,"2 Fourier pairs, iterated"
15,smlt_mm,Lagged linear regression,4.2141903262868645,2.4144344997834977,0.30668497372410464,0.30668497372410464,0.35660226073246026,Classical baseline,"lags [0, 1, 2, 3, 5, 7, 14, 30]"
15,smlt_mm,Seasonal AR with annual harmonics,3.726493472926517,2.36037485654959,0.45787048649601336,0.45787048649601336,0.5584027418668107,Classical baseline,"lags [0, 1, 2, 3, 5, 7, 14, 30], 2 harmonics"
15,smlt_mm,Exponential smoothing,4.9049924337798565,1.782433683837155,0.06075475582938883,0.06075475582938883,0.5275886288597533,Classical baseline,alpha=0.85
15,smlt_mm,"SARIMAX(3, 0, 1) with Fourier seasonality",3.696766682421545,2.3334083488052206,0.4664852830315861,0.4664852830315861,0.5218238914795374,Classical baseline,"2 Fourier pairs, iterated"
15,smlt_mm,"Degree-day, climatological target-date T",4.418820207111251,2.087805570309373,0.23771919518107265,0.23771919518107265,0.2597272173288535,Classical baseline,"Tb=-9.0 C, DDF=0.44 mm/C/day, issue-day snow gate"
15,smlt_mm,"Degree-day, observed target-date T (oracle)",3.92112624424633,1.8146147536067099,0.3997613299322048,0.3997613299322048,0.4946182196319614,Classical baseline,"Tb=-5.0 C, DDF=0.88 mm/C/day, target-day snow gate"
30,snowc,Lagged linear regression,34.13119810846532,25.28592485976711,0.5119384968370684,0.5119384968370684,0.5942558599754388,Classical baseline,"lags [0, 1, 2, 3, 5, 7, 14, 30]"
30,snowc,Seasonal AR with annual harmonics,21.02368401996018,14.999677271367247,0.8148221117382826,0.8148221117382826,0.822104773652682,Classical baseline,"lags [0, 1, 2, 3, 5, 7, 14, 30], 2 harmonics"
30,snowc,Exponential smoothing,38.25848050120127,16.51440736014624,0.38676501891503057,0.38676501891503057,0.693384840643811,Classical baseline,alpha=0.95
30,snowc,"SARIMAX(3, 0, 1) with Fourier seasonality",22.286010224753753,16.575192947164176,0.7919172222054722,0.7919172222054722,0.8392843484110406,Classical baseline,"2 Fourier pairs, iterated"
30,sd,Lagged linear regression,0.1134026936437997,0.08356467164139507,0.6911128957039012,0.6911128957039012,0.781259532076751,Classical baseline,"lags [0, 1, 2, 3, 5, 7, 14, 30]"
30,sd,Seasonal AR with annual harmonics,0.08879911805508311,0.06038321087478258,0.8106042011435082,0.8106042011435082,0.8662669932802886,Classical baseline,"lags [0, 1, 2, 3, 5, 7, 14, 30], 2 harmonics"
30,sd,Exponential smoothing,0.15158024625251426,0.08585880702710466,0.44812813604607926,0.44812813604607926,0.7240288350746414,Classical baseline,alpha=0.95
30,sd,"SARIMAX(3, 0, 1) with Fourier seasonality",0.09848406166237704,0.06976139971408915,0.7670380787713074,0.7670380787713074,0.8763886253379682,Classical baseline,"2 Fourier pairs, iterated"
30,smlt_mm,Lagged linear regression,4.980261007941265,3.0553576415370753,0.03170758635263826,0.03170758635263826,-0.10598548638133543,Classical baseline,"lags [0, 1, 2, 3, 5, 7, 14, 30]"
30,smlt_mm,Seasonal AR with annual harmonics,3.9503321835804557,2.6086147078947683,0.3907864487848808,0.3907864487848808,0.4977364106541402,Classical baseline,"lags [0, 1, 2, 3, 5, 7, 14, 30], 2 harmonics"
30,smlt_mm,Exponential smoothing,6.301018509918776,3.1758943224196243,-0.549971925586501,-0.549971925586501,-0.07942717309837466,Classical baseline,alpha=0.05
30,smlt_mm,"SARIMAX(3, 0, 1) with Fourier seasonality",3.922484480264017,2.5480732145179457,0.3993454254548897,0.3993454254548897,0.46238193281212314,Classical baseline,"2 Fourier pairs, iterated"
30,smlt_mm,"Degree-day, climatological target-date T",4.674327323877379,2.429776078203597,0.14701663207228743,0.14701663207228743,0.1378220287929851,Classical baseline,"Tb=-13.5 C, DDF=0.25 mm/C/day, issue-day snow gate"
30,smlt_mm,"Degree-day, observed target-date T (oracle)",3.92112624424633,1.8146147536067099,0.3997613299322048,0.3997613299322048,0.4946182196319614,Classical baseline,"Tb=-5.0 C, DDF=0.88 mm/C/day, target-day snow gate"
